,index,observed,astoro,deviation,datetime
0,10800,-36.93,-34.62,-2.31,2011-03-11 15:00:00
1,10801,-36.89,-34.61,-2.28,2011-03-11 15:00:05
2,10802,-36.86,-34.59,-2.27,2011-03-11 15:00:10
3,10803,-36.82,-34.57,-2.25,2011-03-11 15:00:15
4,10804,-36.78,-34.55,-2.23,2011-03-11 15:00:20
5,10805,-36.75,-34.53,-2.22,2011-03-11 15:00:25
6,10806,-36.74,-34.51,-2.23,2011-03-11 15:00:30
7,10807,-36.74,-34.5,-2.24,2011-03-11 15:00:35
8,10808,-36.75,-34.48,-2.27,2011-03-11 15:00:40
9,10809,-36.75,-34.46,-2.29,2011-03-11 15:00:45
10,10810,-36.74,-34.44,-2.3,2011-03-11 15:00:50
11,10811,-36.72,-34.42,-2.3,2011-03-11 15:00:55
12,10812,-36.7,-34.4,-2.3,2011-03-11 15:01:00
13,10813,-36.68,-34.38,-2.3,2011-03-11 15:01:05
14,10814,-36.64,-34.36,-2.28,2011-03-11 15:01:10
15,10815,-36.58,-34.35,-2.23,2011-03-11 15:01:15
16,10816,-36.49,-34.33,-2.16,2011-03-11 15:01:20
17,10817,-36.39,-34.31,-2.08,2011-03-11 15:01:25
18,10818,-36.3,-34.29,-2.01,2011-03-11 15:01:30
19,10819,-36.22,-34.27,-1.95,2011-03-11 15:01:35
20,10820,-36.14,-34.25,-1.89,2011-03-11 15:01:40
21,10821,-36.06,-34.23,-1.83,2011-03-11 15:01:45
22,10822,-36.0,-34.21,-1.79,2011-03-11 15:01:50
23,10823,-35.95,-34.2,-1.75,2011-03-11 15:01:55
24,10824,-35.94,-34.18,-1.76,2011-03-11 15:02:00
25,10825,-35.96,-34.16,-1.8,2011-03-11 15:02:05
26,10826,-35.99,-34.14,-1.85,2011-03-11 15:02:10
27,10827,-36.04,-34.12,-1.92,2011-03-11 15:02:15
28,10828,-36.1,-34.1,-2.0,2011-03-11 15:02:20
29,10829,-36.19,-34.08,-2.11,2011-03-11 15:02:25
30,10830,-36.3,-34.06,-2.24,2011-03-11 15:02:30
31,10831,-36.4,-34.04,-2.36,2011-03-11 15:02:35
32,10832,-36.5,-34.03,-2.47,2011-03-11 15:02:40
33,10833,-36.59,-34.01,-2.58,2011-03-11 15:02:45
34,10834,-36.67,-33.99,-2.68,2011-03-11 15:02:50
35,10835,-36.75,-33.97,-2.78,2011-03-11 15:02:55
36,10836,-36.83,-33.96,-2.87,2011-03-11 15:03:00
37,10837,-36.91,-33.94,-2.97,2011-03-11 15:03:05
38,10838,-36.96,-33.92,-3.04,2011-03-11 15:03:10
39,10839,-36.99,-33.9,-3.09,2011-03-11 15:03:15
40,10840,-37.0,-33.88,-3.12,2011-03-11 15:03:20
41,10841,-37.01,-33.86,-3.15,2011-03-11 15:03:25
42,10842,-37.03,-33.85,-3.18,2011-03-11 15:03:30
43,10843,-37.04,-33.83,-3.21,2011-03-11 15:03:35
44,10844,-37.02,-33.81,-3.21,2011-03-11 15:03:40
45,10845,-36.97,-33.79,-3.18,2011-03-11 15:03:45
46,10846,-36.91,-33.77,-3.14,2011-03-11 15:03:50
47,10847,-36.84,-33.75,-3.09,2011-03-11 15:03:55
48,10848,-36.76,-33.73,-3.03,2011-03-11 15:04:00
49,10849,-36.67,-33.71,-2.96,2011-03-11 15:04:05
50,10850,-36.57,-33.69,-2.88,2011-03-11 15:04:10
51,10851,-36.45,-33.67,-2.78,2011-03-11 15:04:15
52,10852,-36.34,-33.65,-2.69,2011-03-11 15:04:20
53,10853,-36.25,-33.63,-2.62,2011-03-11 15:04:25
54,10854,-36.18,-33.62,-2.56,2011-03-11 15:04:30
55,10855,-36.11,-33.6,-2.51,2011-03-11 15:04:35
56,10856,-36.07,-33.58,-2.49,2011-03-11 15:04:40
57,10857,-36.05,-33.56,-2.49,2011-03-11 15:04:45
58,10858,-36.07,-33.54,-2.53,2011-03-11 15:04:50
59,10859,-36.11,-33.52,-2.59,2011-03-11 15:04:55
60,10860,-36.17,-33.5,-2.67,2011-03-11 15:05:00
61,10861,-36.25,-33.48,-2.77,2011-03-11 15:05:05
62,10862,-36.35,-33.46,-2.89,2011-03-11 15:05:10
63,10863,-36.44,-33.44,-3.0,2011-03-11 15:05:15
64,10864,-36.53,-33.42,-3.11,2011-03-11 15:05:20
65,10865,-36.62,-33.4,-3.22,2011-03-11 15:05:25
66,10866,-36.7,-33.38,-3.32,2011-03-11 15:05:30
67,10867,-36.76,-33.36,-3.4,2011-03-11 15:05:35
68,10868,-36.77,-33.34,-3.43,2011-03-11 15:05:40
69,10869,-36.76,-33.32,-3.44,2011-03-11 15:05:45
70,10870,-36.74,-33.31,-3.43,2011-03-11 15:05:50
71,10871,-36.7,-33.29,-3.41,2011-03-11 15:05:55
72,10872,-36.64,-33.27,-3.37,2011-03-11 15:06:00
73,10873,-36.54,-33.25,-3.29,2011-03-11 15:06:05
74,10874,-36.44,-33.23,-3.21,2011-03-11 15:06:10
75,10875,-36.33,-33.21,-3.12,2011-03-11 15:06:15
76,10876,-36.25,-33.19,-3.06,2011-03-11 15:06:20
77,10877,-36.19,-33.17,-3.02,2011-03-11 15:06:25
78,10878,-36.12,-33.15,-2.97,2011-03-11 15:06:30
79,10879,-36.05,-33.13,-2.92,2011-03-11 15:06:35
80,10880,-36.0,-33.11,-2.89,2011-03-11 15:06:40
81,10881,-35.98,-33.09,-2.89,2011-03-11 15:06:45
82,10882,-35.98,-33.07,-2.91,2011-03-11 15:06:50
83,10883,-35.97,-33.05,-2.92,2011-03-11 15:06:55
84,10884,-35.97,-33.03,-2.94,2011-03-11 15:07:00
85,10885,-35.97,-33.01,-2.96,2011-03-11 15:07:05
86,10886,-35.98,-32.99,-2.99,2011-03-11 15:07:10
87,10887,-36.0,-32.97,-3.03,2011-03-11 15:07:15
88,10888,-36.03,-32.95,-3.08,2011-03-11 15:07:20
89,10889,-36.05,-32.93,-3.12,2011-03-11 15:07:25
90,10890,-36.08,-32.91,-3.17,2011-03-11 15:07:30
91,10891,-36.12,-32.89,-3.23,2011-03-11 15:07:35
92,10892,-36.17,-32.87,-3.3,2011-03-11 15:07:40
93,10893,-36.23,-32.85,-3.38,2011-03-11 15:07:45
94,10894,-36.27,-32.83,-3.44,2011-03-11 15:07:50
95,10895,-36.31,-32.81,-3.5,2011-03-11 15:07:55
96,10896,-36.35,-32.79,-3.56,2011-03-11 15:08:00
97,10897,-36.37,-32.77,-3.6,2011-03-11 15:08:05
98,10898,-36.39,-32.75,-3.64,2011-03-11 15:08:10
99,10899,-36.4,-32.73,-3.67,2011-03-11 15:08:15
100,10900,-36.4,-32.71,-3.69,2011-03-11 15:08:20
101,10901,-36.37,-32.69,-3.68,2011-03-11 15:08:25
102,10902,-36.32,-32.67,-3.65,2011-03-11 15:08:30
103,10903,-36.28,-32.65,-3.63,2011-03-11 15:08:35
104,10904,-36.25,-32.63,-3.62,2011-03-11 15:08:40
105,10905,-36.22,-32.61,-3.61,2011-03-11 15:08:45
106,10906,-36.2,-32.59,-3.61,2011-03-11 15:08:50
107,10907,-36.2,-32.57,-3.63,2011-03-11 15:08:55
108,10908,-36.21,-32.56,-3.65,2011-03-11 15:09:00
109,10909,-36.23,-32.54,-3.69,2011-03-11 15:09:05
110,10910,-36.29,-32.52,-3.77,2011-03-11 15:09:10
111,10911,-36.34,-32.5,-3.84,2011-03-11 15:09:15
112,10912,-36.41,-32.48,-3.93,2011-03-11 15:09:20
113,10913,-36.48,-32.46,-4.02,2011-03-11 15:09:25
114,10914,-36.55,-32.44,-4.11,2011-03-11 15:09:30
115,10915,-36.63,-32.42,-4.21,2011-03-11 15:09:35
116,10916,-36.69,-32.4,-4.29,2011-03-11 15:09:40
117,10917,-36.74,-32.38,-4.36,2011-03-11 15:09:45
118,10918,-36.76,-32.36,-4.4,2011-03-11 15:09:50
119,10919,-36.78,-32.34,-4.44,2011-03-11 15:09:55
120,10920,-36.79,-32.32,-4.47,2011-03-11 15:10:00
121,10921,-36.78,-32.3,-4.48,2011-03-11 15:10:05
122,10922,-36.75,-32.28,-4.47,2011-03-11 15:10:10
123,10923,-36.71,-32.26,-4.45,2011-03-11 15:10:15
124,10924,-36.65,-32.24,-4.41,2011-03-11 15:10:20
125,10925,-36.58,-32.22,-4.36,2011-03-11 15:10:25
126,10926,-36.52,-32.2,-4.32,2011-03-11 15:10:30
127,10927,-36.44,-32.18,-4.26,2011-03-11 15:10:35
128,10928,-36.34,-32.16,-4.18,2011-03-11 15:10:40
129,10929,-36.23,-32.14,-4.09,2011-03-11 15:10:45
130,10930,-36.13,-32.12,-4.01,2011-03-11 15:10:50
131,10931,-36.05,-32.1,-3.95,2011-03-11 15:10:55
132,10932,-35.95,-32.08,-3.87,2011-03-11 15:11:00
133,10933,-35.86,-32.06,-3.8,2011-03-11 15:11:05
134,10934,-35.76,-32.04,-3.72,2011-03-11 15:11:10
135,10935,-35.66,-32.02,-3.64,2011-03-11 15:11:15
136,10936,-35.56,-32.0,-3.56,2011-03-11 15:11:20
137,10937,-35.47,-31.98,-3.49,2011-03-11 15:11:25
138,10938,-35.37,-31.96,-3.41,2011-03-11 15:11:30
139,10939,-35.29,-31.94,-3.35,2011-03-11 15:11:35
140,10940,-35.21,-31.92,-3.29,2011-03-11 15:11:40
141,10941,-35.13,-31.9,-3.23,2011-03-11 15:11:45
142,10942,-35.06,-31.88,-3.18,2011-03-11 15:11:50
143,10943,-35.01,-31.86,-3.15,2011-03-11 15:11:55
144,10944,-34.99,-31.84,-3.15,2011-03-11 15:12:00
145,10945,-34.98,-31.82,-3.16,2011-03-11 15:12:05
146,10946,-35.0,-31.8,-3.2,2011-03-11 15:12:10
147,10947,-35.04,-31.78,-3.26,2011-03-11 15:12:15
148,10948,-35.11,-31.76,-3.35,2011-03-11 15:12:20
149,10949,-35.19,-31.73,-3.46,2011-03-11 15:12:25
150,10950,-35.28,-31.71,-3.57,2011-03-11 15:12:30
151,10951,-35.36,-31.69,-3.67,2011-03-11 15:12:35
152,10952,-35.43,-31.67,-3.76,2011-03-11 15:12:40
153,10953,-35.5,-31.65,-3.85,2011-03-11 15:12:45
154,10954,-35.56,-31.63,-3.93,2011-03-11 15:12:50
155,10955,-35.61,-31.61,-4.0,2011-03-11 15:12:55
156,10956,-35.63,-31.59,-4.04,2011-03-11 15:13:00
157,10957,-35.63,-31.57,-4.06,2011-03-11 15:13:05
158,10958,-35.62,-31.55,-4.07,2011-03-11 15:13:10
159,10959,-35.6,-31.53,-4.07,2011-03-11 15:13:15
160,10960,-35.57,-31.51,-4.06,2011-03-11 15:13:20
161,10961,-35.55,-31.49,-4.06,2011-03-11 15:13:25
162,10962,-35.52,-31.47,-4.05,2011-03-11 15:13:30
163,10963,-35.49,-31.45,-4.04,2011-03-11 15:13:35
164,10964,-35.45,-31.43,-4.02,2011-03-11 15:13:40
165,10965,-35.42,-31.41,-4.01,2011-03-11 15:13:45
166,10966,-35.39,-31.38,-4.01,2011-03-11 15:13:50
167,10967,-35.36,-31.36,-4.0,2011-03-11 15:13:55
168,10968,-35.33,-31.34,-3.99,2011-03-11 15:14:00
169,10969,-35.3,-31.32,-3.98,2011-03-11 15:14:05
170,10970,-35.28,-31.3,-3.98,2011-03-11 15:14:10
171,10971,-35.26,-31.28,-3.98,2011-03-11 15:14:15
172,10972,-35.24,-31.26,-3.98,2011-03-11 15:14:20
173,10973,-35.23,-31.24,-3.99,2011-03-11 15:14:25
174,10974,-35.23,-31.22,-4.01,2011-03-11 15:14:30
175,10975,-35.24,-31.2,-4.04,2011-03-11 15:14:35
176,10976,-35.23,-31.18,-4.05,2011-03-11 15:14:40
177,10977,-35.22,-31.16,-4.06,2011-03-11 15:14:45
178,10978,-35.2,-31.14,-4.06,2011-03-11 15:14:50
179,10979,-35.17,-31.11,-4.06,2011-03-11 15:14:55
180,10980,-35.12,-31.1,-4.02,2011-03-11 15:15:00
181,10981,-35.03,-31.08,-3.95,2011-03-11 15:15:05
182,10982,-34.92,-31.06,-3.86,2011-03-11 15:15:10
183,10983,-34.78,-31.04,-3.74,2011-03-11 15:15:15
184,10984,-34.62,-31.02,-3.6,2011-03-11 15:15:20
185,10985,-34.45,-31.0,-3.45,2011-03-11 15:15:25
186,10986,-34.27,-30.98,-3.29,2011-03-11 15:15:30
187,10987,-34.09,-30.96,-3.13,2011-03-11 15:15:35
188,10988,-33.94,-30.94,-3.0,2011-03-11 15:15:40
189,10989,-33.8,-30.92,-2.88,2011-03-11 15:15:45
190,10990,-33.69,-30.89,-2.8,2011-03-11 15:15:50
191,10991,-33.62,-30.87,-2.75,2011-03-11 15:15:55
192,10992,-33.59,-30.85,-2.74,2011-03-11 15:16:00
193,10993,-33.6,-30.83,-2.77,2011-03-11 15:16:05
194,10994,-33.64,-30.81,-2.83,2011-03-11 15:16:10
195,10995,-33.71,-30.79,-2.92,2011-03-11 15:16:15
196,10996,-33.8,-30.77,-3.03,2011-03-11 15:16:20
197,10997,-33.9,-30.75,-3.15,2011-03-11 15:16:25
198,10998,-34.01,-30.73,-3.28,2011-03-11 15:16:30
199,10999,-34.1,-30.71,-3.39,2011-03-11 15:16:35
200,11000,-34.17,-30.68,-3.49,2011-03-11 15:16:40
201,11001,-34.23,-30.66,-3.57,2011-03-11 15:16:45
202,11002,-34.27,-30.64,-3.63,2011-03-11 15:16:50
203,11003,-34.29,-30.62,-3.67,2011-03-11 15:16:55
204,11004,-34.3,-30.6,-3.7,2011-03-11 15:17:00
205,11005,-34.27,-30.58,-3.69,2011-03-11 15:17:05
206,11006,-34.22,-30.56,-3.66,2011-03-11 15:17:10
207,11007,-34.15,-30.54,-3.61,2011-03-11 15:17:15
208,11008,-34.08,-30.52,-3.56,2011-03-11 15:17:20
209,11009,-34.02,-30.49,-3.53,2011-03-11 15:17:25
210,11010,-33.95,-30.47,-3.48,2011-03-11 15:17:30
211,11011,-33.89,-30.45,-3.44,2011-03-11 15:17:35
212,11012,-33.8,-30.43,-3.37,2011-03-11 15:17:40
213,11013,-33.71,-30.41,-3.3,2011-03-11 15:17:45
214,11014,-33.64,-30.39,-3.25,2011-03-11 15:17:50
215,11015,-33.57,-30.37,-3.2,2011-03-11 15:17:55
216,11016,-33.52,-30.35,-3.17,2011-03-11 15:18:00
217,11017,-33.47,-30.32,-3.15,2011-03-11 15:18:05
218,11018,-33.44,-30.3,-3.14,2011-03-11 15:18:10
219,11019,-33.41,-30.28,-3.13,2011-03-11 15:18:15
220,11020,-33.41,-30.26,-3.15,2011-03-11 15:18:20
221,11021,-33.42,-30.24,-3.18,2011-03-11 15:18:25
222,11022,-33.45,-30.22,-3.23,2011-03-11 15:18:30
223,11023,-33.48,-30.2,-3.28,2011-03-11 15:18:35
224,11024,-33.52,-30.18,-3.34,2011-03-11 15:18:40
225,11025,-33.57,-30.15,-3.42,2011-03-11 15:18:45
226,11026,-33.64,-30.13,-3.51,2011-03-11 15:18:50
227,11027,-33.72,-30.11,-3.61,2011-03-11 15:18:55
228,11028,-33.79,-30.09,-3.7,2011-03-11 15:19:00
229,11029,-33.86,-30.07,-3.79,2011-03-11 15:19:05
230,11030,-33.92,-30.05,-3.87,2011-03-11 15:19:10
231,11031,-33.99,-30.03,-3.96,2011-03-11 15:19:15
232,11032,-34.06,-30.0,-4.06,2011-03-11 15:19:20
233,11033,-34.12,-29.98,-4.14,2011-03-11 15:19:25
234,11034,-34.18,-29.96,-4.22,2011-03-11 15:19:30
235,11035,-34.21,-29.94,-4.27,2011-03-11 15:19:35
236,11036,-34.22,-29.92,-4.3,2011-03-11 15:19:40
237,11037,-34.24,-29.9,-4.34,2011-03-11 15:19:45
238,11038,-34.24,-29.88,-4.36,2011-03-11 15:19:50
239,11039,-34.22,-29.85,-4.37,2011-03-11 15:19:55
240,11040,-34.16,-29.83,-4.33,2011-03-11 15:20:00
241,11041,-34.08,-29.81,-4.27,2011-03-11 15:20:05
242,11042,-34.0,-29.79,-4.21,2011-03-11 15:20:10
243,11043,-33.91,-29.77,-4.14,2011-03-11 15:20:15
244,11044,-33.83,-29.75,-4.08,2011-03-11 15:20:20
245,11045,-33.75,-29.72,-4.03,2011-03-11 15:20:25
246,11046,-33.67,-29.7,-3.97,2011-03-11 15:20:30
247,11047,-33.6,-29.68,-3.92,2011-03-11 15:20:35
248,11048,-33.56,-29.66,-3.9,2011-03-11 15:20:40
249,11049,-33.53,-29.64,-3.89,2011-03-11 15:20:45
250,11050,-33.52,-29.62,-3.9,2011-03-11 15:20:50
251,11051,-33.5,-29.6,-3.9,2011-03-11 15:20:55
252,11052,-33.48,-29.57,-3.91,2011-03-11 15:21:00
253,11053,-33.47,-29.56,-3.91,2011-03-11 15:21:05
254,11054,-33.45,-29.54,-3.91,2011-03-11 15:21:10
255,11055,-33.42,-29.52,-3.9,2011-03-11 15:21:15
256,11056,-33.39,-29.5,-3.89,2011-03-11 15:21:20
257,11057,-33.35,-29.48,-3.87,2011-03-11 15:21:25
258,11058,-33.29,-29.45,-3.84,2011-03-11 15:21:30
259,11059,-33.22,-29.43,-3.79,2011-03-11 15:21:35
260,11060,-33.17,-29.41,-3.76,2011-03-11 15:21:40
261,11061,-33.12,-29.39,-3.73,2011-03-11 15:21:45
262,11062,-33.08,-29.37,-3.71,2011-03-11 15:21:50
263,11063,-33.06,-29.34,-3.72,2011-03-11 15:21:55
264,11064,-33.05,-29.32,-3.73,2011-03-11 15:22:00
265,11065,-33.03,-29.3,-3.73,2011-03-11 15:22:05
266,11066,-33.03,-29.28,-3.75,2011-03-11 15:22:10
267,11067,-33.04,-29.26,-3.78,2011-03-11 15:22:15
268,11068,-33.06,-29.24,-3.82,2011-03-11 15:22:20
269,11069,-33.07,-29.21,-3.86,2011-03-11 15:22:25
270,11070,-33.07,-29.19,-3.88,2011-03-11 15:22:30
271,11071,-33.1,-29.17,-3.93,2011-03-11 15:22:35
272,11072,-33.12,-29.15,-3.97,2011-03-11 15:22:40
273,11073,-33.13,-29.13,-4.0,2011-03-11 15:22:45
274,11074,-33.13,-29.11,-4.02,2011-03-11 15:22:50
275,11075,-33.14,-29.08,-4.06,2011-03-11 15:22:55
276,11076,-33.15,-29.06,-4.09,2011-03-11 15:23:00
277,11077,-33.15,-29.04,-4.11,2011-03-11 15:23:05
278,11078,-33.14,-29.02,-4.12,2011-03-11 15:23:10
279,11079,-33.13,-29.0,-4.13,2011-03-11 15:23:15
280,11080,-33.11,-28.97,-4.14,2011-03-11 15:23:20
281,11081,-33.07,-28.95,-4.12,2011-03-11 15:23:25
282,11082,-33.0,-28.93,-4.07,2011-03-11 15:23:30
283,11083,-32.94,-28.91,-4.03,2011-03-11 15:23:35
284,11084,-32.89,-28.89,-4.0,2011-03-11 15:23:40
285,11085,-32.82,-28.86,-3.96,2011-03-11 15:23:45
286,11086,-32.77,-28.84,-3.93,2011-03-11 15:23:50
287,11087,-32.73,-28.82,-3.91,2011-03-11 15:23:55
288,11088,-32.7,-28.8,-3.9,2011-03-11 15:24:00
289,11089,-32.68,-28.78,-3.9,2011-03-11 15:24:05
290,11090,-32.69,-28.75,-3.94,2011-03-11 15:24:10
291,11091,-32.71,-28.73,-3.98,2011-03-11 15:24:15
292,11092,-32.75,-28.71,-4.04,2011-03-11 15:24:20
293,11093,-32.78,-28.69,-4.09,2011-03-11 15:24:25
294,11094,-32.83,-28.67,-4.16,2011-03-11 15:24:30
295,11095,-32.89,-28.64,-4.25,2011-03-11 15:24:35
296,11096,-32.94,-28.62,-4.32,2011-03-11 15:24:40
297,11097,-32.97,-28.6,-4.37,2011-03-11 15:24:45
298,11098,-33.0,-28.58,-4.42,2011-03-11 15:24:50
299,11099,-33.02,-28.56,-4.46,2011-03-11 15:24:55
300,11100,-33.03,-28.53,-4.5,2011-03-11 15:25:00
301,11101,-33.02,-28.51,-4.51,2011-03-11 15:25:05
302,11102,-33.01,-28.49,-4.52,2011-03-11 15:25:10
303,11103,-33.0,-28.47,-4.53,2011-03-11 15:25:15
304,11104,-32.99,-28.45,-4.54,2011-03-11 15:25:20
305,11105,-32.96,-28.42,-4.54,2011-03-11 15:25:25
306,11106,-32.94,-28.4,-4.54,2011-03-11 15:25:30
307,11107,-32.92,-28.38,-4.54,2011-03-11 15:25:35
308,11108,-32.89,-28.36,-4.53,2011-03-11 15:25:40
309,11109,-32.86,-28.33,-4.53,2011-03-11 15:25:45
310,11110,-32.83,-28.31,-4.52,2011-03-11 15:25:50
311,11111,-32.81,-28.29,-4.52,2011-03-11 15:25:55
312,11112,-32.78,-28.27,-4.51,2011-03-11 15:26:00
313,11113,-32.75,-28.25,-4.5,2011-03-11 15:26:05
314,11114,-32.72,-28.22,-4.5,2011-03-11 15:26:10
315,11115,-32.69,-28.2,-4.49,2011-03-11 15:26:15
316,11116,-32.67,-28.18,-4.49,2011-03-11 15:26:20
317,11117,-32.65,-28.16,-4.49,2011-03-11 15:26:25
318,11118,-32.65,-28.13,-4.52,2011-03-11 15:26:30
319,11119,-32.65,-28.11,-4.54,2011-03-11 15:26:35
320,11120,-32.67,-28.09,-4.58,2011-03-11 15:26:40
321,11121,-32.7,-28.07,-4.63,2011-03-11 15:26:45
322,11122,-32.77,-28.05,-4.72,2011-03-11 15:26:50
323,11123,-32.83,-28.02,-4.81,2011-03-11 15:26:55
324,11124,-32.89,-28.0,-4.89,2011-03-11 15:27:00
325,11125,-32.96,-27.99,-4.97,2011-03-11 15:27:05
326,11126,-33.04,-27.97,-5.07,2011-03-11 15:27:10
327,11127,-33.11,-27.94,-5.17,2011-03-11 15:27:15
328,11128,-33.16,-27.92,-5.24,2011-03-11 15:27:20
329,11129,-33.2,-27.9,-5.3,2011-03-11 15:27:25
330,11130,-33.22,-27.88,-5.34,2011-03-11 15:27:30
331,11131,-33.21,-27.85,-5.36,2011-03-11 15:27:35
332,11132,-33.17,-27.83,-5.34,2011-03-11 15:27:40
333,11133,-33.12,-27.81,-5.31,2011-03-11 15:27:45
334,11134,-33.06,-27.79,-5.27,2011-03-11 15:27:50
335,11135,-33.0,-27.76,-5.24,2011-03-11 15:27:55
336,11136,-32.92,-27.74,-5.18,2011-03-11 15:28:00
337,11137,-32.85,-27.72,-5.13,2011-03-11 15:28:05
338,11138,-32.78,-27.7,-5.08,2011-03-11 15:28:10
339,11139,-32.72,-27.67,-5.05,2011-03-11 15:28:15
340,11140,-32.67,-27.65,-5.02,2011-03-11 15:28:20
341,11141,-32.62,-27.63,-4.99,2011-03-11 15:28:25
342,11142,-32.58,-27.61,-4.97,2011-03-11 15:28:30
343,11143,-32.54,-27.59,-4.95,2011-03-11 15:28:35
344,11144,-32.52,-27.56,-4.96,2011-03-11 15:28:40
345,11145,-32.5,-27.54,-4.96,2011-03-11 15:28:45
346,11146,-32.49,-27.52,-4.97,2011-03-11 15:28:50
347,11147,-32.49,-27.5,-4.99,2011-03-11 15:28:55
348,11148,-32.48,-27.47,-5.01,2011-03-11 15:29:00
349,11149,-32.5,-27.45,-5.05,2011-03-11 15:29:05
350,11150,-32.52,-27.43,-5.09,2011-03-11 15:29:10
351,11151,-32.57,-27.41,-5.16,2011-03-11 15:29:15
352,11152,-32.63,-27.38,-5.25,2011-03-11 15:29:20
353,11153,-32.7,-27.36,-5.34,2011-03-11 15:29:25
354,11154,-32.78,-27.34,-5.44,2011-03-11 15:29:30
355,11155,-32.86,-27.31,-5.55,2011-03-11 15:29:35
356,11156,-32.93,-27.29,-5.64,2011-03-11 15:29:40
357,11157,-33.01,-27.27,-5.74,2011-03-11 15:29:45
358,11158,-33.1,-27.25,-5.85,2011-03-11 15:29:50
359,11159,-33.17,-27.22,-5.95,2011-03-11 15:29:55
360,11160,-33.22,-27.2,-6.02,2011-03-11 15:30:00
361,11161,-33.26,-27.18,-6.08,2011-03-11 15:30:05
362,11162,-33.29,-27.16,-6.13,2011-03-11 15:30:10
363,11163,-33.31,-27.13,-6.18,2011-03-11 15:30:15
364,11164,-33.32,-27.11,-6.21,2011-03-11 15:30:20
365,11165,-33.32,-27.09,-6.23,2011-03-11 15:30:25
366,11166,-33.31,-27.07,-6.24,2011-03-11 15:30:30
367,11167,-33.31,-27.04,-6.27,2011-03-11 15:30:35
368,11168,-33.3,-27.02,-6.28,2011-03-11 15:30:40
369,11169,-33.29,-27.0,-6.29,2011-03-11 15:30:45
370,11170,-33.27,-26.98,-6.29,2011-03-11 15:30:50
371,11171,-33.26,-26.95,-6.31,2011-03-11 15:30:55
372,11172,-33.26,-26.93,-6.33,2011-03-11 15:31:00
373,11173,-33.25,-26.91,-6.34,2011-03-11 15:31:05
374,11174,-33.25,-26.88,-6.37,2011-03-11 15:31:10
375,11175,-33.25,-26.86,-6.39,2011-03-11 15:31:15
376,11176,-33.25,-26.84,-6.41,2011-03-11 15:31:20
377,11177,-33.26,-26.82,-6.44,2011-03-11 15:31:25
378,11178,-33.27,-26.79,-6.48,2011-03-11 15:31:30
379,11179,-33.27,-26.77,-6.5,2011-03-11 15:31:35
380,11180,-33.28,-26.75,-6.53,2011-03-11 15:31:40
381,11181,-33.31,-26.72,-6.59,2011-03-11 15:31:45
382,11182,-33.34,-26.7,-6.64,2011-03-11 15:31:50
383,11183,-33.36,-26.68,-6.68,2011-03-11 15:31:55
384,11184,-33.38,-26.66,-6.72,2011-03-11 15:32:00
385,11185,-33.4,-26.63,-6.77,2011-03-11 15:32:05
386,11186,-33.46,-26.61,-6.85,2011-03-11 15:32:10
387,11187,-33.53,-26.59,-6.94,2011-03-11 15:32:15
388,11188,-33.61,-26.57,-7.04,2011-03-11 15:32:20
389,11189,-33.7,-26.54,-7.16,2011-03-11 15:32:25
390,11190,-33.8,-26.52,-7.28,2011-03-11 15:32:30
391,11191,-33.93,-26.5,-7.43,2011-03-11 15:32:35
392,11192,-34.08,-26.47,-7.61,2011-03-11 15:32:40
393,11193,-34.24,-26.45,-7.79,2011-03-11 15:32:45
394,11194,-34.4,-26.43,-7.97,2011-03-11 15:32:50
395,11195,-34.54,-26.41,-8.13,2011-03-11 15:32:55
396,11196,-34.67,-26.39,-8.28,2011-03-11 15:33:00
397,11197,-34.76,-26.37,-8.39,2011-03-11 15:33:05
398,11198,-34.83,-26.35,-8.48,2011-03-11 15:33:10
399,11199,-34.88,-26.32,-8.56,2011-03-11 15:33:15
400,11200,-34.9,-26.3,-8.6,2011-03-11 15:33:20
401,11201,-34.9,-26.28,-8.62,2011-03-11 15:33:25
402,11202,-34.86,-26.25,-8.61,2011-03-11 15:33:30
403,11203,-34.8,-26.23,-8.57,2011-03-11 15:33:35
404,11204,-34.75,-26.21,-8.54,2011-03-11 15:33:40
405,11205,-34.72,-26.19,-8.53,2011-03-11 15:33:45
406,11206,-34.69,-26.16,-8.53,2011-03-11 15:33:50
407,11207,-34.68,-26.14,-8.54,2011-03-11 15:33:55
408,11208,-34.69,-26.12,-8.57,2011-03-11 15:34:00
409,11209,-34.74,-26.09,-8.65,2011-03-11 15:34:05
410,11210,-34.8,-26.07,-8.73,2011-03-11 15:34:10
411,11211,-34.87,-26.05,-8.82,2011-03-11 15:34:15
412,11212,-34.93,-26.02,-8.91,2011-03-11 15:34:20
413,11213,-34.99,-26.0,-8.99,2011-03-11 15:34:25
414,11214,-35.07,-25.98,-9.09,2011-03-11 15:34:30
415,11215,-35.15,-25.96,-9.19,2011-03-11 15:34:35
416,11216,-35.21,-25.93,-9.28,2011-03-11 15:34:40
417,11217,-35.23,-25.91,-9.32,2011-03-11 15:34:45
418,11218,-35.23,-25.89,-9.34,2011-03-11 15:34:50
419,11219,-35.23,-25.86,-9.37,2011-03-11 15:34:55
420,11220,-35.23,-25.84,-9.39,2011-03-11 15:35:00
421,11221,-35.22,-25.82,-9.4,2011-03-11 15:35:05
422,11222,-35.2,-25.79,-9.41,2011-03-11 15:35:10
423,11223,-35.16,-25.77,-9.39,2011-03-11 15:35:15
424,11224,-35.11,-25.75,-9.36,2011-03-11 15:35:20
425,11225,-35.05,-25.73,-9.32,2011-03-11 15:35:25
426,11226,-34.99,-25.7,-9.29,2011-03-11 15:35:30
427,11227,-34.93,-25.68,-9.25,2011-03-11 15:35:35
428,11228,-34.88,-25.66,-9.22,2011-03-11 15:35:40
429,11229,-34.82,-25.63,-9.19,2011-03-11 15:35:45
430,11230,-34.77,-25.61,-9.16,2011-03-11 15:35:50
431,11231,-34.74,-25.59,-9.15,2011-03-11 15:35:55
432,11232,-34.72,-25.56,-9.16,2011-03-11 15:36:00
433,11233,-34.74,-25.54,-9.2,2011-03-11 15:36:05
434,11234,-34.77,-25.52,-9.25,2011-03-11 15:36:10
435,11235,-34.83,-25.49,-9.34,2011-03-11 15:36:15
436,11236,-34.91,-25.47,-9.44,2011-03-11 15:36:20
437,11237,-35.01,-25.45,-9.56,2011-03-11 15:36:25
438,11238,-35.14,-25.42,-9.72,2011-03-11 15:36:30
439,11239,-35.28,-25.4,-9.88,2011-03-11 15:36:35
440,11240,-35.41,-25.38,-10.03,2011-03-11 15:36:40
441,11241,-35.53,-25.35,-10.18,2011-03-11 15:36:45
442,11242,-35.65,-25.33,-10.32,2011-03-11 15:36:50
443,11243,-35.76,-25.31,-10.45,2011-03-11 15:36:55
444,11244,-35.86,-25.28,-10.58,2011-03-11 15:37:00
445,11245,-35.94,-25.26,-10.68,2011-03-11 15:37:05
446,11246,-36.01,-25.24,-10.77,2011-03-11 15:37:10
447,11247,-36.06,-25.21,-10.85,2011-03-11 15:37:15
448,11248,-36.12,-25.19,-10.93,2011-03-11 15:37:20
449,11249,-36.18,-25.17,-11.01,2011-03-11 15:37:25
450,11250,-36.24,-25.15,-11.09,2011-03-11 15:37:30
451,11251,-36.3,-25.12,-11.18,2011-03-11 15:37:35
452,11252,-36.37,-25.1,-11.27,2011-03-11 15:37:40
453,11253,-36.45,-25.08,-11.37,2011-03-11 15:37:45
454,11254,-36.55,-25.05,-11.5,2011-03-11 15:37:50
455,11255,-36.67,-25.03,-11.64,2011-03-11 15:37:55
456,11256,-36.8,-25.01,-11.79,2011-03-11 15:38:00
457,11257,-36.92,-24.98,-11.94,2011-03-11 15:38:05
458,11258,-37.03,-24.96,-12.07,2011-03-11 15:38:10
459,11259,-37.13,-24.94,-12.19,2011-03-11 15:38:15
460,11260,-37.23,-24.91,-12.32,2011-03-11 15:38:20
461,11261,-37.33,-24.89,-12.44,2011-03-11 15:38:25
462,11262,-37.43,-24.87,-12.56,2011-03-11 15:38:30
463,11263,-37.5,-24.84,-12.66,2011-03-11 15:38:35
464,11264,-37.53,-24.82,-12.71,2011-03-11 15:38:40
465,11265,-37.55,-24.8,-12.75,2011-03-11 15:38:45
466,11266,-37.57,-24.77,-12.8,2011-03-11 15:38:50
467,11267,-37.59,-24.75,-12.84,2011-03-11 15:38:55
468,11268,-37.6,-24.74,-12.86,2011-03-11 15:39:00
469,11269,-37.6,-24.71,-12.89,2011-03-11 15:39:05
470,11270,-37.58,-24.69,-12.89,2011-03-11 15:39:10
471,11271,-37.57,-24.66,-12.91,2011-03-11 15:39:15
472,11272,-37.56,-24.64,-12.92,2011-03-11 15:39:20
473,11273,-37.56,-24.62,-12.94,2011-03-11 15:39:25
474,11274,-37.55,-24.59,-12.96,2011-03-11 15:39:30
475,11275,-37.57,-24.57,-13.0,2011-03-11 15:39:35
476,11276,-37.58,-24.55,-13.03,2011-03-11 15:39:40
477,11277,-37.6,-24.52,-13.08,2011-03-11 15:39:45
478,11278,-37.64,-24.5,-13.14,2011-03-11 15:39:50
479,11279,-37.72,-24.48,-13.24,2011-03-11 15:39:55
480,11280,-37.79,-24.45,-13.34,2011-03-11 15:40:00
481,11281,-37.88,-24.43,-13.45,2011-03-11 15:40:05
482,11282,-37.97,-24.41,-13.56,2011-03-11 15:40:10
483,11283,-38.08,-24.38,-13.7,2011-03-11 15:40:15
484,11284,-38.2,-24.36,-13.84,2011-03-11 15:40:20
485,11285,-38.31,-24.34,-13.97,2011-03-11 15:40:25
486,11286,-38.42,-24.31,-14.11,2011-03-11 15:40:30
487,11287,-38.52,-24.29,-14.23,2011-03-11 15:40:35
488,11288,-38.62,-24.27,-14.35,2011-03-11 15:40:40
489,11289,-38.72,-24.24,-14.48,2011-03-11 15:40:45
490,11290,-38.83,-24.22,-14.61,2011-03-11 15:40:50
491,11291,-38.93,-24.2,-14.73,2011-03-11 15:40:55
492,11292,-39.03,-24.17,-14.86,2011-03-11 15:41:00
493,11293,-39.14,-24.15,-14.99,2011-03-11 15:41:05
494,11294,-39.26,-24.12,-15.14,2011-03-11 15:41:10
495,11295,-39.39,-24.1,-15.29,2011-03-11 15:41:15
496,11296,-39.53,-24.08,-15.45,2011-03-11 15:41:20
497,11297,-39.66,-24.05,-15.61,2011-03-11 15:41:25
498,11298,-39.79,-24.03,-15.76,2011-03-11 15:41:30
499,11299,-39.91,-24.01,-15.9,2011-03-11 15:41:35
500,11300,-40.02,-23.98,-16.04,2011-03-11 15:41:40
501,11301,-40.11,-23.96,-16.15,2011-03-11 15:41:45
502,11302,-40.19,-23.94,-16.25,2011-03-11 15:41:50
503,11303,-40.26,-23.91,-16.35,2011-03-11 15:41:55
504,11304,-40.3,-23.89,-16.41,2011-03-11 15:42:00
505,11305,-40.35,-23.87,-16.48,2011-03-11 15:42:05
506,11306,-40.39,-23.84,-16.55,2011-03-11 15:42:10
507,11307,-40.45,-23.82,-16.63,2011-03-11 15:42:15
508,11308,-40.5,-23.79,-16.71,2011-03-11 15:42:20
509,11309,-40.56,-23.77,-16.79,2011-03-11 15:42:25
510,11310,-40.64,-23.75,-16.89,2011-03-11 15:42:30
511,11311,-40.73,-23.72,-17.01,2011-03-11 15:42:35
512,11312,-40.83,-23.7,-17.13,2011-03-11 15:42:40
513,11313,-40.92,-23.68,-17.24,2011-03-11 15:42:45
514,11314,-40.99,-23.65,-17.34,2011-03-11 15:42:50
515,11315,-41.05,-23.63,-17.42,2011-03-11 15:42:55
516,11316,-41.1,-23.61,-17.49,2011-03-11 15:43:00
517,11317,-41.13,-23.58,-17.55,2011-03-11 15:43:05
518,11318,-41.12,-23.56,-17.56,2011-03-11 15:43:10
519,11319,-41.09,-23.53,-17.56,2011-03-11 15:43:15
520,11320,-41.05,-23.51,-17.54,2011-03-11 15:43:20
521,11321,-41.01,-23.49,-17.52,2011-03-11 15:43:25
522,11322,-40.98,-23.46,-17.52,2011-03-11 15:43:30
523,11323,-40.96,-23.44,-17.52,2011-03-11 15:43:35
524,11324,-40.95,-23.42,-17.53,2011-03-11 15:43:40
525,11325,-40.96,-23.39,-17.57,2011-03-11 15:43:45
526,11326,-41.01,-23.37,-17.64,2011-03-11 15:43:50
527,11327,-41.09,-23.35,-17.74,2011-03-11 15:43:55
528,11328,-41.21,-23.32,-17.89,2011-03-11 15:44:00
529,11329,-41.35,-23.3,-18.05,2011-03-11 15:44:05
530,11330,-41.52,-23.27,-18.25,2011-03-11 15:44:10
531,11331,-41.69,-23.25,-18.44,2011-03-11 15:44:15
532,11332,-41.87,-23.23,-18.64,2011-03-11 15:44:20
533,11333,-42.04,-23.2,-18.84,2011-03-11 15:44:25
534,11334,-42.21,-23.18,-19.03,2011-03-11 15:44:30
535,11335,-42.38,-23.16,-19.22,2011-03-11 15:44:35
536,11336,-42.52,-23.13,-19.39,2011-03-11 15:44:40
537,11337,-42.63,-23.11,-19.52,2011-03-11 15:44:45
538,11338,-42.73,-23.08,-19.65,2011-03-11 15:44:50
539,11339,-42.81,-23.06,-19.75,2011-03-11 15:44:55
540,11340,-42.88,-23.05,-19.83,2011-03-11 15:45:00
541,11341,-42.93,-23.02,-19.91,2011-03-11 15:45:05
542,11342,-42.96,-23.0,-19.96,2011-03-11 15:45:10
543,11343,-42.98,-22.97,-20.01,2011-03-11 15:45:15
544,11344,-43.01,-22.95,-20.06,2011-03-11 15:45:20
545,11345,-43.02,-22.93,-20.09,2011-03-11 15:45:25
546,11346,-43.05,-22.9,-20.15,2011-03-11 15:45:30
547,11347,-43.08,-22.88,-20.2,2011-03-11 15:45:35
548,11348,-43.11,-22.86,-20.25,2011-03-11 15:45:40
549,11349,-43.16,-22.83,-20.33,2011-03-11 15:45:45
550,11350,-43.22,-22.81,-20.41,2011-03-11 15:45:50
551,11351,-43.28,-22.78,-20.5,2011-03-11 15:45:55
552,11352,-43.36,-22.76,-20.6,2011-03-11 15:46:00
553,11353,-43.44,-22.74,-20.7,2011-03-11 15:46:05
554,11354,-43.51,-22.71,-20.8,2011-03-11 15:46:10
555,11355,-43.59,-22.69,-20.9,2011-03-11 15:46:15
556,11356,-43.65,-22.67,-20.98,2011-03-11 15:46:20
557,11357,-43.69,-22.64,-21.05,2011-03-11 15:46:25
558,11358,-43.71,-22.62,-21.09,2011-03-11 15:46:30
559,11359,-43.71,-22.59,-21.12,2011-03-11 15:46:35
560,11360,-43.65,-22.57,-21.08,2011-03-11 15:46:40
561,11361,-43.54,-22.55,-20.99,2011-03-11 15:46:45
562,11362,-43.4,-22.52,-20.88,2011-03-11 15:46:50
563,11363,-43.24,-22.5,-20.74,2011-03-11 15:46:55
564,11364,-43.03,-22.47,-20.56,2011-03-11 15:47:00
565,11365,-42.77,-22.45,-20.32,2011-03-11 15:47:05
566,11366,-42.46,-22.43,-20.03,2011-03-11 15:47:10
567,11367,-42.11,-22.4,-19.71,2011-03-11 15:47:15
568,11368,-41.75,-22.38,-19.37,2011-03-11 15:47:20
569,11369,-41.36,-22.35,-19.01,2011-03-11 15:47:25
570,11370,-40.95,-22.33,-18.62,2011-03-11 15:47:30
571,11371,-40.53,-22.31,-18.22,2011-03-11 15:47:35
572,11372,-40.1,-22.28,-17.82,2011-03-11 15:47:40
573,11373,-39.66,-22.26,-17.4,2011-03-11 15:47:45
574,11374,-39.23,-22.23,-17.0,2011-03-11 15:47:50
575,11375,-38.8,-22.21,-16.59,2011-03-11 15:47:55
576,11376,-38.39,-22.19,-16.2,2011-03-11 15:48:00
577,11377,-37.97,-22.16,-15.81,2011-03-11 15:48:05
578,11378,-37.58,-22.14,-15.44,2011-03-11 15:48:10
579,11379,-37.23,-22.12,-15.11,2011-03-11 15:48:15
580,11380,-36.9,-22.09,-14.81,2011-03-11 15:48:20
581,11381,-36.6,-22.07,-14.53,2011-03-11 15:48:25
582,11382,-36.3,-22.04,-14.26,2011-03-11 15:48:30
583,11383,-36.03,-22.02,-14.01,2011-03-11 15:48:35
584,11384,-35.77,-22.0,-13.77,2011-03-11 15:48:40
585,11385,-35.54,-21.97,-13.57,2011-03-11 15:48:45
586,11386,-35.32,-21.95,-13.37,2011-03-11 15:48:50
587,11387,-35.12,-21.92,-13.2,2011-03-11 15:48:55
588,11388,-34.91,-21.9,-13.01,2011-03-11 15:49:00
589,11389,-34.69,-21.88,-12.81,2011-03-11 15:49:05
590,11390,-34.5,-21.85,-12.65,2011-03-11 15:49:10
591,11391,-34.32,-21.83,-12.49,2011-03-11 15:49:15
592,11392,-34.14,-21.8,-12.34,2011-03-11 15:49:20
593,11393,-33.98,-21.78,-12.2,2011-03-11 15:49:25
594,11394,-33.83,-21.76,-12.07,2011-03-11 15:49:30
595,11395,-33.72,-21.73,-11.99,2011-03-11 15:49:35
596,11396,-33.62,-21.71,-11.91,2011-03-11 15:49:40
597,11397,-33.54,-21.68,-11.86,2011-03-11 15:49:45
598,11398,-33.47,-21.66,-11.81,2011-03-11 15:49:50
599,11399,-33.41,-21.64,-11.77,2011-03-11 15:49:55
600,11400,-33.35,-21.61,-11.74,2011-03-11 15:50:00
601,11401,-33.27,-21.59,-11.68,2011-03-11 15:50:05
602,11402,-33.18,-21.56,-11.62,2011-03-11 15:50:10
603,11403,-33.05,-21.54,-11.51,2011-03-11 15:50:15
604,11404,-32.86,-21.51,-11.35,2011-03-11 15:50:20
605,11405,-32.65,-21.49,-11.16,2011-03-11 15:50:25
606,11406,-32.4,-21.47,-10.93,2011-03-11 15:50:30
607,11407,-32.11,-21.44,-10.67,2011-03-11 15:50:35
608,11408,-31.79,-21.42,-10.37,2011-03-11 15:50:40
609,11409,-31.42,-21.39,-10.03,2011-03-11 15:50:45
610,11410,-31.03,-21.37,-9.66,2011-03-11 15:50:50
611,11411,-30.63,-21.35,-9.28,2011-03-11 15:50:55
612,11412,-30.2,-21.32,-8.88,2011-03-11 15:51:00
613,11413,-29.76,-21.31,-8.45,2011-03-11 15:51:05
614,11414,-29.3,-21.28,-8.02,2011-03-11 15:51:10
615,11415,-28.8,-21.26,-7.54,2011-03-11 15:51:15
616,11416,-28.26,-21.24,-7.02,2011-03-11 15:51:20
617,11417,-27.67,-21.21,-6.46,2011-03-11 15:51:25
618,11418,-27.03,-21.19,-5.84,2011-03-11 15:51:30
619,11419,-26.33,-21.16,-5.17,2011-03-11 15:51:35
620,11420,-25.55,-21.14,-4.41,2011-03-11 15:51:40
621,11421,-24.69,-21.12,-3.57,2011-03-11 15:51:45
622,11422,-23.76,-21.09,-2.67,2011-03-11 15:51:50
623,11423,-22.75,-21.07,-1.68,2011-03-11 15:51:55
624,11424,-21.69,-21.04,-0.65,2011-03-11 15:52:00
625,11425,-20.54,-21.02,0.48,2011-03-11 15:52:05
626,11426,-19.34,-20.99,1.65,2011-03-11 15:52:10
627,11427,-18.09,-20.97,2.88,2011-03-11 15:52:15
628,11428,-16.81,-20.95,4.14,2011-03-11 15:52:20
629,11429,-15.53,-20.92,5.39,2011-03-11 15:52:25
630,11430,-14.24,-20.9,6.66,2011-03-11 15:52:30
631,11431,-12.94,-20.87,7.93,2011-03-11 15:52:35
632,11432,-11.63,-20.85,9.22,2011-03-11 15:52:40
633,11433,-10.32,-20.83,10.51,2011-03-11 15:52:45
634,11434,-9.03,-20.8,11.77,2011-03-11 15:52:50
635,11435,-7.77,-20.78,13.01,2011-03-11 15:52:55
636,11436,-6.52,-20.75,14.23,2011-03-11 15:53:00
637,11437,-5.28,-20.73,15.45,2011-03-11 15:53:05
638,11438,-4.04,-20.71,16.67,2011-03-11 15:53:10
639,11439,-2.8,-20.68,17.88,2011-03-11 15:53:15
640,11440,-1.57,-20.66,19.09,2011-03-11 15:53:20
641,11441,-0.36,-20.63,20.27,2011-03-11 15:53:25
642,11442,0.84,-20.61,21.45,2011-03-11 15:53:30
643,11443,2.04,-20.58,22.62,2011-03-11 15:53:35
644,11444,3.23,-20.56,23.79,2011-03-11 15:53:40
645,11445,4.39,-20.54,24.93,2011-03-11 15:53:45
646,11446,5.51,-20.51,26.02,2011-03-11 15:53:50
647,11447,6.61,-20.49,27.1,2011-03-11 15:53:55
648,11448,7.7,-20.46,28.16,2011-03-11 15:54:00
649,11449,8.77,-20.44,29.21,2011-03-11 15:54:05
650,11450,9.82,-20.41,30.23,2011-03-11 15:54:10
651,11451,10.84,-20.39,31.23,2011-03-11 15:54:15
652,11452,11.84,-20.37,32.21,2011-03-11 15:54:20
653,11453,12.84,-20.34,33.18,2011-03-11 15:54:25
654,11454,13.84,-20.32,34.16,2011-03-11 15:54:30
655,11455,14.86,-20.29,35.15,2011-03-11 15:54:35
656,11456,15.89,-20.27,36.16,2011-03-11 15:54:40
657,11457,16.93,-20.25,37.18,2011-03-11 15:54:45
658,11458,17.96,-20.22,38.18,2011-03-11 15:54:50
659,11459,19.0,-20.2,39.2,2011-03-11 15:54:55
660,11460,20.05,-20.17,40.22,2011-03-11 15:55:00
661,11461,21.11,-20.15,41.26,2011-03-11 15:55:05
662,11462,22.18,-20.12,42.3,2011-03-11 15:55:10
663,11463,23.25,-20.1,43.35,2011-03-11 15:55:15
664,11464,24.34,-20.08,44.42,2011-03-11 15:55:20
665,11465,25.44,-20.05,45.49,2011-03-11 15:55:25
666,11466,26.56,-20.03,46.59,2011-03-11 15:55:30
667,11467,27.7,-20.0,47.7,2011-03-11 15:55:35
668,11468,28.87,-19.98,48.85,2011-03-11 15:55:40
669,11469,30.06,-19.95,50.01,2011-03-11 15:55:45
670,11470,31.29,-19.93,51.22,2011-03-11 15:55:50
671,11471,32.55,-19.91,52.46,2011-03-11 15:55:55
672,11472,33.84,-19.88,53.72,2011-03-11 15:56:00
673,11473,35.16,-19.86,55.02,2011-03-11 15:56:05
674,11474,36.49,-19.83,56.32,2011-03-11 15:56:10
675,11475,37.84,-19.81,57.65,2011-03-11 15:56:15
676,11476,39.19,-19.78,58.97,2011-03-11 15:56:20
677,11477,40.55,-19.76,60.31,2011-03-11 15:56:25
678,11478,41.91,-19.74,61.65,2011-03-11 15:56:30
679,11479,43.24,-19.71,62.95,2011-03-11 15:56:35
680,11480,44.54,-19.69,64.23,2011-03-11 15:56:40
681,11481,45.8,-19.66,65.46,2011-03-11 15:56:45
682,11482,47.01,-19.64,66.65,2011-03-11 15:56:50
683,11483,48.17,-19.61,67.78,2011-03-11 15:56:55
684,11484,49.26,-19.59,68.85,2011-03-11 15:57:00
685,11485,50.3,-19.58,69.88,2011-03-11 15:57:05
686,11486,51.29,-19.55,70.84,2011-03-11 15:57:10
687,11487,52.22,-19.53,71.75,2011-03-11 15:57:15
688,11488,53.09,-19.5,72.59,2011-03-11 15:57:20
689,11489,53.91,-19.48,73.39,2011-03-11 15:57:25
690,11490,54.7,-19.45,74.15,2011-03-11 15:57:30
691,11491,55.5,-19.43,74.93,2011-03-11 15:57:35
692,11492,56.29,-19.41,75.7,2011-03-11 15:57:40
693,11493,57.09,-19.38,76.47,2011-03-11 15:57:45
694,11494,57.92,-19.36,77.28,2011-03-11 15:57:50
695,11495,58.79,-19.33,78.12,2011-03-11 15:57:55
696,11496,59.72,-19.31,79.03,2011-03-11 15:58:00
697,11497,60.72,-19.28,80.0,2011-03-11 15:58:05
698,11498,61.78,-19.26,81.04,2011-03-11 15:58:10
699,11499,62.89,-19.24,82.13,2011-03-11 15:58:15
700,11500,64.07,-19.21,83.28,2011-03-11 15:58:20
701,11501,65.32,-19.19,84.51,2011-03-11 15:58:25
702,11502,66.62,-19.16,85.78,2011-03-11 15:58:30
703,11503,67.97,-19.14,87.11,2011-03-11 15:58:35
704,11504,69.35,-19.11,88.46,2011-03-11 15:58:40
705,11505,70.75,-19.09,89.84,2011-03-11 15:58:45
706,11506,72.17,-19.07,91.24,2011-03-11 15:58:50
707,11507,73.6,-19.04,92.64,2011-03-11 15:58:55
708,11508,75.01,-19.02,94.03,2011-03-11 15:59:00
709,11509,76.39,-18.99,95.38,2011-03-11 15:59:05
710,11510,77.74,-18.97,96.71,2011-03-11 15:59:10
711,11511,79.03,-18.94,97.97,2011-03-11 15:59:15
712,11512,80.26,-18.92,99.18,2011-03-11 15:59:20
713,11513,81.4,-18.9,100.3,2011-03-11 15:59:25
714,11514,82.46,-18.87,101.33,2011-03-11 15:59:30
715,11515,83.4,-18.85,102.25,2011-03-11 15:59:35
716,11516,84.24,-18.82,103.06,2011-03-11 15:59:40
717,11517,84.97,-18.8,103.77,2011-03-11 15:59:45
718,11518,85.6,-18.77,104.37,2011-03-11 15:59:50
719,11519,86.14,-18.75,104.89,2011-03-11 15:59:55
720,11520,86.6,-18.72,105.32,2011-03-11 16:00:00
721,11521,86.98,-18.7,105.68,2011-03-11 16:00:05
722,11522,87.28,-18.68,105.96,2011-03-11 16:00:10
723,11523,87.53,-18.65,106.18,2011-03-11 16:00:15
724,11524,87.76,-18.63,106.39,2011-03-11 16:00:20
725,11525,88.0,-18.6,106.6,2011-03-11 16:00:25
726,11526,88.23,-18.58,106.81,2011-03-11 16:00:30
727,11527,88.48,-18.55,107.03,2011-03-11 16:00:35
728,11528,88.76,-18.53,107.29,2011-03-11 16:00:40
729,11529,89.09,-18.51,107.6,2011-03-11 16:00:45
730,11530,89.5,-18.48,107.98,2011-03-11 16:00:50
731,11531,89.98,-18.46,108.44,2011-03-11 16:00:55
732,11532,90.54,-18.43,108.97,2011-03-11 16:01:00
733,11533,91.2,-18.42,109.62,2011-03-11 16:01:05
734,11534,91.98,-18.39,110.37,2011-03-11 16:01:10
735,11535,92.87,-18.37,111.24,2011-03-11 16:01:15
736,11536,93.87,-18.35,112.22,2011-03-11 16:01:20
737,11537,94.99,-18.32,113.31,2011-03-11 16:01:25
738,11538,96.21,-18.3,114.51,2011-03-11 16:01:30
739,11539,97.51,-18.27,115.78,2011-03-11 16:01:35
740,11540,98.91,-18.25,117.16,2011-03-11 16:01:40
741,11541,100.38,-18.22,118.6,2011-03-11 16:01:45
742,11542,101.92,-18.2,120.12,2011-03-11 16:01:50
743,11543,103.49,-18.17,121.66,2011-03-11 16:01:55
744,11544,105.07,-18.15,123.22,2011-03-11 16:02:00
745,11545,106.65,-18.13,124.78,2011-03-11 16:02:05
746,11546,108.22,-18.1,126.32,2011-03-11 16:02:10
747,11547,109.77,-18.08,127.85,2011-03-11 16:02:15
748,11548,111.28,-18.05,129.33,2011-03-11 16:02:20
749,11549,112.73,-18.03,130.76,2011-03-11 16:02:25
750,11550,114.12,-18.0,132.12,2011-03-11 16:02:30
751,11551,115.43,-17.98,133.41,2011-03-11 16:02:35
752,11552,116.66,-17.96,134.62,2011-03-11 16:02:40
753,11553,117.81,-17.93,135.74,2011-03-11 16:02:45
754,11554,118.85,-17.91,136.76,2011-03-11 16:02:50
755,11555,119.79,-17.88,137.67,2011-03-11 16:02:55
756,11556,120.63,-17.87,138.5,2011-03-11 16:03:00
757,11557,121.35,-17.84,139.19,2011-03-11 16:03:05
758,11558,121.98,-17.82,139.8,2011-03-11 16:03:10
759,11559,122.53,-17.79,140.32,2011-03-11 16:03:15
760,11560,122.96,-17.77,140.73,2011-03-11 16:03:20
761,11561,123.29,-17.75,141.04,2011-03-11 16:03:25
762,11562,123.53,-17.72,141.25,2011-03-11 16:03:30
763,11563,123.69,-17.7,141.39,2011-03-11 16:03:35
764,11564,123.76,-17.67,141.43,2011-03-11 16:03:40
765,11565,123.77,-17.65,141.42,2011-03-11 16:03:45
766,11566,123.72,-17.62,141.34,2011-03-11 16:03:50
767,11567,123.6,-17.6,141.2,2011-03-11 16:03:55
768,11568,123.41,-17.57,140.98,2011-03-11 16:04:00
769,11569,123.17,-17.55,140.72,2011-03-11 16:04:05
770,11570,122.89,-17.53,140.42,2011-03-11 16:04:10
771,11571,122.57,-17.5,140.07,2011-03-11 16:04:15
772,11572,122.21,-17.48,139.69,2011-03-11 16:04:20
773,11573,121.81,-17.45,139.26,2011-03-11 16:04:25
774,11574,121.37,-17.43,138.8,2011-03-11 16:04:30
775,11575,120.89,-17.4,138.29,2011-03-11 16:04:35
776,11576,120.38,-17.38,137.76,2011-03-11 16:04:40
777,11577,119.85,-17.36,137.21,2011-03-11 16:04:45
778,11578,119.29,-17.33,136.62,2011-03-11 16:04:50
779,11579,118.69,-17.31,136.0,2011-03-11 16:04:55
780,11580,118.07,-17.29,135.36,2011-03-11 16:05:00
781,11581,117.46,-17.27,134.73,2011-03-11 16:05:05
782,11582,116.86,-17.24,134.1,2011-03-11 16:05:10
783,11583,116.26,-17.22,133.48,2011-03-11 16:05:15
784,11584,115.67,-17.19,132.86,2011-03-11 16:05:20
785,11585,115.12,-17.17,132.29,2011-03-11 16:05:25
786,11586,114.63,-17.15,131.78,2011-03-11 16:05:30
787,11587,114.18,-17.12,131.3,2011-03-11 16:05:35
788,11588,113.76,-17.1,130.86,2011-03-11 16:05:40
789,11589,113.4,-17.07,130.47,2011-03-11 16:05:45
790,11590,113.11,-17.05,130.16,2011-03-11 16:05:50
791,11591,112.83,-17.02,129.85,2011-03-11 16:05:55
792,11592,112.56,-17.0,129.56,2011-03-11 16:06:00
793,11593,112.3,-16.97,129.27,2011-03-11 16:06:05
794,11594,112.03,-16.95,128.98,2011-03-11 16:06:10
795,11595,111.74,-16.93,128.67,2011-03-11 16:06:15
796,11596,111.4,-16.9,128.3,2011-03-11 16:06:20
797,11597,111.01,-16.88,127.89,2011-03-11 16:06:25
798,11598,110.55,-16.85,127.4,2011-03-11 16:06:30
799,11599,110.01,-16.83,126.84,2011-03-11 16:06:35
800,11600,109.39,-16.8,126.19,2011-03-11 16:06:40
801,11601,108.7,-16.78,125.48,2011-03-11 16:06:45
802,11602,107.93,-16.75,124.68,2011-03-11 16:06:50
803,11603,107.09,-16.73,123.82,2011-03-11 16:06:55
804,11604,106.2,-16.71,122.91,2011-03-11 16:07:00
805,11605,105.27,-16.69,121.96,2011-03-11 16:07:05
806,11606,104.28,-16.67,120.95,2011-03-11 16:07:10
807,11607,103.26,-16.64,119.9,2011-03-11 16:07:15
808,11608,102.25,-16.62,118.87,2011-03-11 16:07:20
809,11609,101.26,-16.59,117.85,2011-03-11 16:07:25
810,11610,100.29,-16.57,116.86,2011-03-11 16:07:30
811,11611,99.35,-16.54,115.89,2011-03-11 16:07:35
812,11612,98.48,-16.52,115.0,2011-03-11 16:07:40
813,11613,97.72,-16.5,114.22,2011-03-11 16:07:45
814,11614,97.05,-16.47,113.52,2011-03-11 16:07:50
815,11615,96.46,-16.45,112.91,2011-03-11 16:07:55
816,11616,95.99,-16.42,112.41,2011-03-11 16:08:00
817,11617,95.64,-16.4,112.04,2011-03-11 16:08:05
818,11618,95.43,-16.37,111.8,2011-03-11 16:08:10
819,11619,95.33,-16.35,111.68,2011-03-11 16:08:15
820,11620,95.32,-16.32,111.64,2011-03-11 16:08:20
821,11621,95.37,-16.3,111.67,2011-03-11 16:08:25
822,11622,95.47,-16.28,111.75,2011-03-11 16:08:30
823,11623,95.58,-16.25,111.83,2011-03-11 16:08:35
824,11624,95.67,-16.23,111.9,2011-03-11 16:08:40
825,11625,95.71,-16.2,111.91,2011-03-11 16:08:45
826,11626,95.64,-16.18,111.82,2011-03-11 16:08:50
827,11627,95.45,-16.15,111.6,2011-03-11 16:08:55
828,11628,95.08,-16.13,111.21,2011-03-11 16:09:00
829,11629,94.51,-16.12,110.63,2011-03-11 16:09:05
830,11630,93.73,-16.09,109.82,2011-03-11 16:09:10
831,11631,92.73,-16.07,108.8,2011-03-11 16:09:15
832,11632,91.51,-16.04,107.55,2011-03-11 16:09:20
833,11633,90.06,-16.02,106.08,2011-03-11 16:09:25
834,11634,88.4,-15.99,104.39,2011-03-11 16:09:30
835,11635,86.57,-15.97,102.54,2011-03-11 16:09:35
836,11636,84.6,-15.94,100.54,2011-03-11 16:09:40
837,11637,82.53,-15.92,98.45,2011-03-11 16:09:45
838,11638,80.38,-15.9,96.28,2011-03-11 16:09:50
839,11639,78.21,-15.87,94.08,2011-03-11 16:09:55
840,11640,76.08,-15.85,91.93,2011-03-11 16:10:00
841,11641,74.06,-15.82,89.88,2011-03-11 16:10:05
842,11642,72.17,-15.8,87.97,2011-03-11 16:10:10
843,11643,70.43,-15.77,86.2,2011-03-11 16:10:15
844,11644,68.87,-15.75,84.62,2011-03-11 16:10:20
845,11645,67.54,-15.72,83.26,2011-03-11 16:10:25
846,11646,66.43,-15.7,82.13,2011-03-11 16:10:30
847,11647,65.56,-15.68,81.24,2011-03-11 16:10:35
848,11648,64.91,-15.65,80.56,2011-03-11 16:10:40
849,11649,64.45,-15.63,80.08,2011-03-11 16:10:45
850,11650,64.15,-15.6,79.75,2011-03-11 16:10:50
851,11651,63.96,-15.58,79.54,2011-03-11 16:10:55
852,11652,63.85,-15.55,79.4,2011-03-11 16:11:00
853,11653,63.79,-15.54,79.33,2011-03-11 16:11:05
854,11654,63.73,-15.51,79.24,2011-03-11 16:11:10
855,11655,63.6,-15.49,79.09,2011-03-11 16:11:15
856,11656,63.37,-15.47,78.84,2011-03-11 16:11:20
857,11657,63.01,-15.44,78.45,2011-03-11 16:11:25
858,11658,62.51,-15.42,77.93,2011-03-11 16:11:30
859,11659,61.85,-15.39,77.24,2011-03-11 16:11:35
860,11660,61.03,-15.37,76.4,2011-03-11 16:11:40
861,11661,60.02,-15.34,75.36,2011-03-11 16:11:45
862,11662,58.83,-15.32,74.15,2011-03-11 16:11:50
863,11663,57.52,-15.29,72.81,2011-03-11 16:11:55
864,11664,56.11,-15.27,71.38,2011-03-11 16:12:00
865,11665,54.61,-15.25,69.86,2011-03-11 16:12:05
866,11666,53.02,-15.22,68.24,2011-03-11 16:12:10
867,11667,51.4,-15.2,66.6,2011-03-11 16:12:15
868,11668,49.8,-15.17,64.97,2011-03-11 16:12:20
869,11669,48.22,-15.15,63.37,2011-03-11 16:12:25
870,11670,46.69,-15.12,61.81,2011-03-11 16:12:30
871,11671,45.2,-15.1,60.3,2011-03-11 16:12:35
872,11672,43.79,-15.08,58.87,2011-03-11 16:12:40
873,11673,42.45,-15.05,57.5,2011-03-11 16:12:45
874,11674,41.17,-15.03,56.2,2011-03-11 16:12:50
875,11675,39.96,-15.0,54.96,2011-03-11 16:12:55
876,11676,38.79,-14.98,53.77,2011-03-11 16:13:00
877,11677,37.65,-14.96,52.61,2011-03-11 16:13:05
878,11678,36.51,-14.94,51.45,2011-03-11 16:13:10
879,11679,35.34,-14.91,50.25,2011-03-11 16:13:15
880,11680,34.12,-14.89,49.01,2011-03-11 16:13:20
881,11681,32.86,-14.87,47.73,2011-03-11 16:13:25
882,11682,31.52,-14.84,46.36,2011-03-11 16:13:30
883,11683,30.1,-14.82,44.92,2011-03-11 16:13:35
884,11684,28.58,-14.79,43.37,2011-03-11 16:13:40
885,11685,26.97,-14.77,41.74,2011-03-11 16:13:45
886,11686,25.29,-14.74,40.03,2011-03-11 16:13:50
887,11687,23.54,-14.72,38.26,2011-03-11 16:13:55
888,11688,21.77,-14.69,36.46,2011-03-11 16:14:00
889,11689,19.99,-14.67,34.66,2011-03-11 16:14:05
890,11690,18.23,-14.65,32.88,2011-03-11 16:14:10
891,11691,16.54,-14.62,31.16,2011-03-11 16:14:15
892,11692,14.96,-14.6,29.56,2011-03-11 16:14:20
893,11693,13.49,-14.57,28.06,2011-03-11 16:14:25
894,11694,12.17,-14.55,26.72,2011-03-11 16:14:30
895,11695,11.03,-14.52,25.55,2011-03-11 16:14:35
896,11696,10.07,-14.5,24.57,2011-03-11 16:14:40
897,11697,9.31,-14.48,23.79,2011-03-11 16:14:45
898,11698,8.74,-14.45,23.19,2011-03-11 16:14:50
899,11699,8.34,-14.43,22.77,2011-03-11 16:14:55
900,11700,8.09,-14.41,22.5,2011-03-11 16:15:00
901,11701,7.97,-14.39,22.36,2011-03-11 16:15:05
902,11702,7.93,-14.36,22.29,2011-03-11 16:15:10
903,11703,7.96,-14.34,22.3,2011-03-11 16:15:15
904,11704,8.04,-14.31,22.35,2011-03-11 16:15:20
905,11705,8.13,-14.29,22.42,2011-03-11 16:15:25
906,11706,8.2,-14.27,22.47,2011-03-11 16:15:30
907,11707,8.25,-14.24,22.49,2011-03-11 16:15:35
908,11708,8.24,-14.22,22.46,2011-03-11 16:15:40
909,11709,8.18,-14.19,22.37,2011-03-11 16:15:45
910,11710,8.07,-14.17,22.24,2011-03-11 16:15:50
911,11711,7.93,-14.14,22.07,2011-03-11 16:15:55
912,11712,7.75,-14.12,21.87,2011-03-11 16:16:00
913,11713,7.52,-14.1,21.62,2011-03-11 16:16:05
914,11714,7.24,-14.07,21.31,2011-03-11 16:16:10
915,11715,6.92,-14.05,20.97,2011-03-11 16:16:15
916,11716,6.57,-14.02,20.59,2011-03-11 16:16:20
917,11717,6.16,-14.0,20.16,2011-03-11 16:16:25
918,11718,5.67,-13.97,19.64,2011-03-11 16:16:30
919,11719,5.11,-13.95,19.06,2011-03-11 16:16:35
920,11720,4.5,-13.92,18.42,2011-03-11 16:16:40
921,11721,3.82,-13.9,17.72,2011-03-11 16:16:45
922,11722,3.04,-13.88,16.92,2011-03-11 16:16:50
923,11723,2.16,-13.85,16.01,2011-03-11 16:16:55
924,11724,1.21,-13.84,15.05,2011-03-11 16:17:00
925,11725,0.21,-13.81,14.02,2011-03-11 16:17:05
926,11726,-0.82,-13.79,12.97,2011-03-11 16:17:10
927,11727,-1.89,-13.76,11.87,2011-03-11 16:17:15
928,11728,-2.96,-13.74,10.78,2011-03-11 16:17:20
929,11729,-4.03,-13.72,9.69,2011-03-11 16:17:25
930,11730,-5.09,-13.69,8.6,2011-03-11 16:17:30
931,11731,-6.1,-13.67,7.57,2011-03-11 16:17:35
932,11732,-7.05,-13.64,6.59,2011-03-11 16:17:40
933,11733,-7.94,-13.62,5.68,2011-03-11 16:17:45
934,11734,-8.74,-13.59,4.85,2011-03-11 16:17:50
935,11735,-9.44,-13.57,4.13,2011-03-11 16:17:55
936,11736,-10.07,-13.55,3.48,2011-03-11 16:18:00
937,11737,-10.62,-13.52,2.9,2011-03-11 16:18:05
938,11738,-11.08,-13.5,2.42,2011-03-11 16:18:10
939,11739,-11.47,-13.47,2.0,2011-03-11 16:18:15
940,11740,-11.8,-13.45,1.65,2011-03-11 16:18:20
941,11741,-12.09,-13.42,1.33,2011-03-11 16:18:25
942,11742,-12.37,-13.4,1.03,2011-03-11 16:18:30
943,11743,-12.62,-13.38,0.76,2011-03-11 16:18:35
944,11744,-12.89,-13.35,0.46,2011-03-11 16:18:40
945,11745,-13.21,-13.33,0.12,2011-03-11 16:18:45
946,11746,-13.57,-13.3,-0.27,2011-03-11 16:18:50
947,11747,-13.97,-13.28,-0.69,2011-03-11 16:18:55
948,11748,-14.44,-13.25,-1.19,2011-03-11 16:19:00
949,11749,-14.98,-13.24,-1.74,2011-03-11 16:19:05
950,11750,-15.6,-13.22,-2.38,2011-03-11 16:19:10
951,11751,-16.28,-13.19,-3.09,2011-03-11 16:19:15
952,11752,-17.0,-13.17,-3.83,2011-03-11 16:19:20
953,11753,-17.79,-13.14,-4.65,2011-03-11 16:19:25
954,11754,-18.63,-13.12,-5.51,2011-03-11 16:19:30
955,11755,-19.52,-13.09,-6.43,2011-03-11 16:19:35
956,11756,-20.43,-13.07,-7.36,2011-03-11 16:19:40
957,11757,-21.35,-13.04,-8.31,2011-03-11 16:19:45
958,11758,-22.29,-13.02,-9.27,2011-03-11 16:19:50
959,11759,-23.21,-13.0,-10.21,2011-03-11 16:19:55
960,11760,-24.1,-12.97,-11.13,2011-03-11 16:20:00
961,11761,-24.93,-12.95,-11.98,2011-03-11 16:20:05
962,11762,-25.7,-12.92,-12.78,2011-03-11 16:20:10
963,11763,-26.4,-12.9,-13.5,2011-03-11 16:20:15
964,11764,-27.0,-12.87,-14.13,2011-03-11 16:20:20
965,11765,-27.5,-12.85,-14.65,2011-03-11 16:20:25
966,11766,-27.88,-12.83,-15.05,2011-03-11 16:20:30
967,11767,-28.14,-12.8,-15.34,2011-03-11 16:20:35
968,11768,-28.32,-12.78,-15.54,2011-03-11 16:20:40
969,11769,-28.42,-12.75,-15.67,2011-03-11 16:20:45
970,11770,-28.45,-12.73,-15.72,2011-03-11 16:20:50
971,11771,-28.45,-12.71,-15.74,2011-03-11 16:20:55
972,11772,-28.44,-12.68,-15.76,2011-03-11 16:21:00
973,11773,-28.45,-12.67,-15.78,2011-03-11 16:21:05
974,11774,-28.5,-12.64,-15.86,2011-03-11 16:21:10
975,11775,-28.61,-12.62,-15.99,2011-03-11 16:21:15
976,11776,-28.81,-12.59,-16.22,2011-03-11 16:21:20
977,11777,-29.12,-12.57,-16.55,2011-03-11 16:21:25
978,11778,-29.53,-12.55,-16.98,2011-03-11 16:21:30
979,11779,-30.04,-12.52,-17.52,2011-03-11 16:21:35
980,11780,-30.68,-12.5,-18.18,2011-03-11 16:21:40
981,11781,-31.43,-12.47,-18.96,2011-03-11 16:21:45
982,11782,-32.28,-12.45,-19.83,2011-03-11 16:21:50
983,11783,-33.19,-12.42,-20.77,2011-03-11 16:21:55
984,11784,-34.16,-12.4,-21.76,2011-03-11 16:22:00
985,11785,-35.15,-12.38,-22.77,2011-03-11 16:22:05
986,11786,-36.16,-12.35,-23.81,2011-03-11 16:22:10
987,11787,-37.16,-12.33,-24.83,2011-03-11 16:22:15
988,11788,-38.13,-12.3,-25.83,2011-03-11 16:22:20
989,11789,-39.01,-12.28,-26.73,2011-03-11 16:22:25
990,11790,-39.78,-12.25,-27.53,2011-03-11 16:22:30
991,11791,-40.44,-12.23,-28.21,2011-03-11 16:22:35
992,11792,-40.99,-12.21,-28.78,2011-03-11 16:22:40
993,11793,-41.41,-12.18,-29.23,2011-03-11 16:22:45
994,11794,-41.69,-12.16,-29.53,2011-03-11 16:22:50
995,11795,-41.84,-12.13,-29.71,2011-03-11 16:22:55
996,11796,-41.88,-12.11,-29.77,2011-03-11 16:23:00
997,11797,-41.8,-12.1,-29.7,2011-03-11 16:23:05
998,11798,-41.63,-12.07,-29.56,2011-03-11 16:23:10
999,11799,-41.4,-12.05,-29.35,2011-03-11 16:23:15
1000,11800,-41.12,-12.02,-29.1,2011-03-11 16:23:20
1001,11801,-40.8,-12.0,-28.8,2011-03-11 16:23:25
1002,11802,-40.46,-11.97,-28.49,2011-03-11 16:23:30
1003,11803,-40.14,-11.95,-28.19,2011-03-11 16:23:35
1004,11804,-39.85,-11.93,-27.92,2011-03-11 16:23:40
1005,11805,-39.59,-11.9,-27.69,2011-03-11 16:23:45
1006,11806,-39.34,-11.88,-27.46,2011-03-11 16:23:50
1007,11807,-39.12,-11.85,-27.27,2011-03-11 16:23:55
1008,11808,-38.94,-11.83,-27.11,2011-03-11 16:24:00
1009,11809,-38.79,-11.81,-26.98,2011-03-11 16:24:05
1010,11810,-38.67,-11.78,-26.89,2011-03-11 16:24:10
1011,11811,-38.59,-11.76,-26.83,2011-03-11 16:24:15
1012,11812,-38.5,-11.73,-26.77,2011-03-11 16:24:20
1013,11813,-38.41,-11.71,-26.7,2011-03-11 16:24:25
1014,11814,-38.31,-11.68,-26.63,2011-03-11 16:24:30
1015,11815,-38.21,-11.66,-26.55,2011-03-11 16:24:35
1016,11816,-38.11,-11.64,-26.47,2011-03-11 16:24:40
1017,11817,-38.0,-11.61,-26.39,2011-03-11 16:24:45
1018,11818,-37.9,-11.59,-26.31,2011-03-11 16:24:50
1019,11819,-37.8,-11.56,-26.24,2011-03-11 16:24:55
1020,11820,-37.72,-11.54,-26.18,2011-03-11 16:25:00
1021,11821,-37.69,-11.53,-26.16,2011-03-11 16:25:05
1022,11822,-37.71,-11.5,-26.21,2011-03-11 16:25:10
1023,11823,-37.78,-11.48,-26.3,2011-03-11 16:25:15
1024,11824,-37.9,-11.45,-26.45,2011-03-11 16:25:20
1025,11825,-38.09,-11.43,-26.66,2011-03-11 16:25:25
1026,11826,-38.36,-11.4,-26.96,2011-03-11 16:25:30
1027,11827,-38.67,-11.38,-27.29,2011-03-11 16:25:35
1028,11828,-39.01,-11.36,-27.65,2011-03-11 16:25:40
1029,11829,-39.36,-11.33,-28.03,2011-03-11 16:25:45
1030,11830,-39.72,-11.31,-28.41,2011-03-11 16:25:50
1031,11831,-40.08,-11.28,-28.8,2011-03-11 16:25:55
1032,11832,-40.4,-11.26,-29.14,2011-03-11 16:26:00
1033,11833,-40.66,-11.24,-29.42,2011-03-11 16:26:05
1034,11834,-40.87,-11.21,-29.66,2011-03-11 16:26:10
1035,11835,-41.01,-11.19,-29.82,2011-03-11 16:26:15
1036,11836,-41.07,-11.16,-29.91,2011-03-11 16:26:20
1037,11837,-41.06,-11.14,-29.92,2011-03-11 16:26:25
1038,11838,-40.98,-11.12,-29.86,2011-03-11 16:26:30
1039,11839,-40.82,-11.09,-29.73,2011-03-11 16:26:35
1040,11840,-40.6,-11.07,-29.53,2011-03-11 16:26:40
1041,11841,-40.31,-11.04,-29.27,2011-03-11 16:26:45
1042,11842,-39.99,-11.02,-28.97,2011-03-11 16:26:50
1043,11843,-39.63,-11.0,-28.63,2011-03-11 16:26:55
1044,11844,-39.23,-10.97,-28.26,2011-03-11 16:27:00
1045,11845,-38.83,-10.96,-27.87,2011-03-11 16:27:05
1046,11846,-38.43,-10.93,-27.5,2011-03-11 16:27:10
1047,11847,-38.05,-10.91,-27.14,2011-03-11 16:27:15
1048,11848,-37.71,-10.88,-26.83,2011-03-11 16:27:20
1049,11849,-37.42,-10.86,-26.56,2011-03-11 16:27:25
1050,11850,-37.18,-10.84,-26.34,2011-03-11 16:27:30
1051,11851,-36.97,-10.81,-26.16,2011-03-11 16:27:35
1052,11852,-36.81,-10.79,-26.02,2011-03-11 16:27:40
1053,11853,-36.69,-10.76,-25.93,2011-03-11 16:27:45
1054,11854,-36.6,-10.74,-25.86,2011-03-11 16:27:50
1055,11855,-36.53,-10.72,-25.81,2011-03-11 16:27:55
1056,11856,-36.45,-10.69,-25.76,2011-03-11 16:28:00
1057,11857,-36.37,-10.67,-25.7,2011-03-11 16:28:05
1058,11858,-36.28,-10.64,-25.64,2011-03-11 16:28:10
1059,11859,-36.17,-10.62,-25.55,2011-03-11 16:28:15
1060,11860,-36.05,-10.6,-25.45,2011-03-11 16:28:20
1061,11861,-35.94,-10.57,-25.37,2011-03-11 16:28:25
1062,11862,-35.83,-10.55,-25.28,2011-03-11 16:28:30
1063,11863,-35.73,-10.52,-25.21,2011-03-11 16:28:35
1064,11864,-35.67,-10.5,-25.17,2011-03-11 16:28:40
1065,11865,-35.67,-10.48,-25.19,2011-03-11 16:28:45
1066,11866,-35.73,-10.45,-25.28,2011-03-11 16:28:50
1067,11867,-35.84,-10.43,-25.41,2011-03-11 16:28:55
1068,11868,-36.0,-10.41,-25.59,2011-03-11 16:29:00
1069,11869,-36.23,-10.39,-25.84,2011-03-11 16:29:05
1070,11870,-36.48,-10.37,-26.11,2011-03-11 16:29:10
1071,11871,-36.76,-10.34,-26.42,2011-03-11 16:29:15
1072,11872,-37.04,-10.32,-26.72,2011-03-11 16:29:20
1073,11873,-37.31,-10.29,-27.02,2011-03-11 16:29:25
1074,11874,-37.53,-10.27,-27.26,2011-03-11 16:29:30
1075,11875,-37.68,-10.25,-27.43,2011-03-11 16:29:35
1076,11876,-37.74,-10.22,-27.52,2011-03-11 16:29:40
1077,11877,-37.73,-10.2,-27.53,2011-03-11 16:29:45
1078,11878,-37.64,-10.18,-27.46,2011-03-11 16:29:50
1079,11879,-37.47,-10.15,-27.32,2011-03-11 16:29:55
1080,11880,-37.2,-10.13,-27.07,2011-03-11 16:30:00
1081,11881,-36.87,-10.1,-26.77,2011-03-11 16:30:05
1082,11882,-36.51,-10.08,-26.43,2011-03-11 16:30:10
1083,11883,-36.17,-10.06,-26.11,2011-03-11 16:30:15
1084,11884,-35.86,-10.03,-25.83,2011-03-11 16:30:20
1085,11885,-35.58,-10.01,-25.57,2011-03-11 16:30:25
1086,11886,-35.38,-9.98,-25.4,2011-03-11 16:30:30
1087,11887,-35.29,-9.96,-25.33,2011-03-11 16:30:35
1088,11888,-35.33,-9.94,-25.39,2011-03-11 16:30:40
1089,11889,-35.49,-9.91,-25.58,2011-03-11 16:30:45
1090,11890,-35.77,-9.89,-25.88,2011-03-11 16:30:50
1091,11891,-36.17,-9.86,-26.31,2011-03-11 16:30:55
1092,11892,-36.68,-9.84,-26.84,2011-03-11 16:31:00
1093,11893,-37.26,-9.83,-27.43,2011-03-11 16:31:05
1094,11894,-37.91,-9.8,-28.11,2011-03-11 16:31:10
1095,11895,-38.6,-9.78,-28.82,2011-03-11 16:31:15
1096,11896,-39.28,-9.75,-29.53,2011-03-11 16:31:20
1097,11897,-39.95,-9.73,-30.22,2011-03-11 16:31:25
1098,11898,-40.57,-9.71,-30.86,2011-03-11 16:31:30
1099,11899,-41.12,-9.68,-31.44,2011-03-11 16:31:35
1100,11900,-41.59,-9.66,-31.93,2011-03-11 16:31:40
1101,11901,-41.98,-9.64,-32.34,2011-03-11 16:31:45
1102,11902,-42.27,-9.61,-32.66,2011-03-11 16:31:50
1103,11903,-42.43,-9.59,-32.84,2011-03-11 16:31:55
1104,11904,-42.47,-9.56,-32.91,2011-03-11 16:32:00
1105,11905,-42.42,-9.54,-32.88,2011-03-11 16:32:05
1106,11906,-42.31,-9.52,-32.79,2011-03-11 16:32:10
1107,11907,-42.11,-9.49,-32.62,2011-03-11 16:32:15
1108,11908,-41.81,-9.47,-32.34,2011-03-11 16:32:20
1109,11909,-41.43,-9.45,-31.98,2011-03-11 16:32:25
1110,11910,-41.01,-9.42,-31.59,2011-03-11 16:32:30
1111,11911,-40.56,-9.4,-31.16,2011-03-11 16:32:35
1112,11912,-40.09,-9.37,-30.72,2011-03-11 16:32:40
1113,11913,-39.61,-9.35,-30.26,2011-03-11 16:32:45
1114,11914,-39.1,-9.33,-29.77,2011-03-11 16:32:50
1115,11915,-38.58,-9.3,-29.28,2011-03-11 16:32:55
1116,11916,-38.06,-9.28,-28.78,2011-03-11 16:33:00
1117,11917,-37.53,-9.26,-28.27,2011-03-11 16:33:05
1118,11918,-36.99,-9.24,-27.75,2011-03-11 16:33:10
1119,11919,-36.43,-9.22,-27.21,2011-03-11 16:33:15
1120,11920,-35.87,-9.19,-26.68,2011-03-11 16:33:20
1121,11921,-35.3,-9.17,-26.13,2011-03-11 16:33:25
1122,11922,-34.7,-9.15,-25.55,2011-03-11 16:33:30
1123,11923,-34.09,-9.12,-24.97,2011-03-11 16:33:35
1124,11924,-33.48,-9.1,-24.38,2011-03-11 16:33:40
1125,11925,-32.86,-9.07,-23.79,2011-03-11 16:33:45
1126,11926,-32.24,-9.05,-23.19,2011-03-11 16:33:50
1127,11927,-31.61,-9.03,-22.58,2011-03-11 16:33:55
1128,11928,-31.02,-9.0,-22.02,2011-03-11 16:34:00
1129,11929,-30.47,-8.98,-21.49,2011-03-11 16:34:05
1130,11930,-29.96,-8.96,-21.0,2011-03-11 16:34:10
1131,11931,-29.48,-8.93,-20.55,2011-03-11 16:34:15
1132,11932,-29.04,-8.91,-20.13,2011-03-11 16:34:20
1133,11933,-28.65,-8.88,-19.77,2011-03-11 16:34:25
1134,11934,-28.31,-8.86,-19.45,2011-03-11 16:34:30
1135,11935,-28.02,-8.84,-19.18,2011-03-11 16:34:35
1136,11936,-27.72,-8.81,-18.91,2011-03-11 16:34:40
1137,11937,-27.43,-8.79,-18.64,2011-03-11 16:34:45
1138,11938,-27.11,-8.77,-18.34,2011-03-11 16:34:50
1139,11939,-26.77,-8.74,-18.03,2011-03-11 16:34:55
1140,11940,-26.38,-8.72,-17.66,2011-03-11 16:35:00
1141,11941,-25.92,-8.71,-17.21,2011-03-11 16:35:05
1142,11942,-25.37,-8.68,-16.69,2011-03-11 16:35:10
1143,11943,-24.75,-8.66,-16.09,2011-03-11 16:35:15
1144,11944,-24.1,-8.63,-15.47,2011-03-11 16:35:20
1145,11945,-23.41,-8.61,-14.8,2011-03-11 16:35:25
1146,11946,-22.72,-8.59,-14.13,2011-03-11 16:35:30
1147,11947,-22.06,-8.56,-13.5,2011-03-11 16:35:35
1148,11948,-21.48,-8.54,-12.94,2011-03-11 16:35:40
1149,11949,-21.01,-8.52,-12.49,2011-03-11 16:35:45
1150,11950,-20.7,-8.49,-12.21,2011-03-11 16:35:50
1151,11951,-20.54,-8.47,-12.07,2011-03-11 16:35:55
1152,11952,-20.57,-8.45,-12.12,2011-03-11 16:36:00
1153,11953,-20.76,-8.42,-12.34,2011-03-11 16:36:05
1154,11954,-21.12,-8.4,-12.72,2011-03-11 16:36:10
1155,11955,-21.65,-8.37,-13.28,2011-03-11 16:36:15
1156,11956,-22.28,-8.35,-13.93,2011-03-11 16:36:20
1157,11957,-22.99,-8.33,-14.66,2011-03-11 16:36:25
1158,11958,-23.75,-8.3,-15.45,2011-03-11 16:36:30
1159,11959,-24.51,-8.28,-16.23,2011-03-11 16:36:35
1160,11960,-25.25,-8.26,-16.99,2011-03-11 16:36:40
1161,11961,-25.98,-8.23,-17.75,2011-03-11 16:36:45
1162,11962,-26.69,-8.21,-18.48,2011-03-11 16:36:50
1163,11963,-27.4,-8.19,-19.21,2011-03-11 16:36:55
1164,11964,-28.1,-8.16,-19.94,2011-03-11 16:37:00
1165,11965,-28.82,-8.15,-20.67,2011-03-11 16:37:05
1166,11966,-29.57,-8.13,-21.44,2011-03-11 16:37:10
1167,11967,-30.36,-8.1,-22.26,2011-03-11 16:37:15
1168,11968,-31.23,-8.08,-23.15,2011-03-11 16:37:20
1169,11969,-32.15,-8.05,-24.1,2011-03-11 16:37:25
1170,11970,-33.11,-8.03,-25.08,2011-03-11 16:37:30
1171,11971,-34.11,-8.01,-26.1,2011-03-11 16:37:35
1172,11972,-35.1,-7.98,-27.12,2011-03-11 16:37:40
1173,11973,-36.06,-7.96,-28.1,2011-03-11 16:37:45
1174,11974,-36.91,-7.94,-28.97,2011-03-11 16:37:50
1175,11975,-37.61,-7.91,-29.7,2011-03-11 16:37:55
1176,11976,-38.11,-7.89,-30.22,2011-03-11 16:38:00
1177,11977,-38.37,-7.87,-30.5,2011-03-11 16:38:05
1178,11978,-38.36,-7.84,-30.52,2011-03-11 16:38:10
1179,11979,-38.06,-7.82,-30.24,2011-03-11 16:38:15
1180,11980,-37.42,-7.8,-29.62,2011-03-11 16:38:20
1181,11981,-36.45,-7.77,-28.68,2011-03-11 16:38:25
1182,11982,-35.15,-7.75,-27.4,2011-03-11 16:38:30
1183,11983,-33.53,-7.73,-25.8,2011-03-11 16:38:35
1184,11984,-31.6,-7.7,-23.9,2011-03-11 16:38:40
1185,11985,-29.4,-7.68,-21.72,2011-03-11 16:38:45
1186,11986,-26.96,-7.66,-19.3,2011-03-11 16:38:50
1187,11987,-24.33,-7.63,-16.7,2011-03-11 16:38:55
1188,11988,-21.54,-7.61,-13.93,2011-03-11 16:39:00
1189,11989,-18.62,-7.59,-11.03,2011-03-11 16:39:05
1190,11990,-15.61,-7.57,-8.04,2011-03-11 16:39:10
1191,11991,-12.61,-7.55,-5.06,2011-03-11 16:39:15
1192,11992,-9.68,-7.52,-2.16,2011-03-11 16:39:20
1193,11993,-6.87,-7.5,0.63,2011-03-11 16:39:25
1194,11994,-4.25,-7.48,3.23,2011-03-11 16:39:30
1195,11995,-1.88,-7.45,5.57,2011-03-11 16:39:35
1196,11996,0.15,-7.43,7.58,2011-03-11 16:39:40
1197,11997,1.76,-7.41,9.17,2011-03-11 16:39:45
1198,11998,2.9,-7.38,10.28,2011-03-11 16:39:50
1199,11999,3.52,-7.36,10.88,2011-03-11 16:39:55
1200,12000,3.6,-7.34,10.94,2011-03-11 16:40:00
1201,12001,3.11,-7.31,10.42,2011-03-11 16:40:05
1202,12002,2.04,-7.29,9.33,2011-03-11 16:40:10
1203,12003,0.41,-7.27,7.68,2011-03-11 16:40:15
1204,12004,-1.71,-7.24,5.53,2011-03-11 16:40:20
1205,12005,-4.27,-7.22,2.95,2011-03-11 16:40:25
1206,12006,-7.21,-7.2,-0.01,2011-03-11 16:40:30
1207,12007,-10.44,-7.17,-3.27,2011-03-11 16:40:35
1208,12008,-13.84,-7.15,-6.69,2011-03-11 16:40:40
1209,12009,-17.33,-7.13,-10.2,2011-03-11 16:40:45
1210,12010,-20.81,-7.1,-13.71,2011-03-11 16:40:50
1211,12011,-24.18,-7.08,-17.1,2011-03-11 16:40:55
1212,12012,-27.35,-7.07,-20.28,2011-03-11 16:41:00
1213,12013,-30.23,-7.04,-23.19,2011-03-11 16:41:05
1214,12014,-32.75,-7.02,-25.73,2011-03-11 16:41:10
1215,12015,-34.87,-7.0,-27.87,2011-03-11 16:41:15
1216,12016,-36.56,-6.97,-29.59,2011-03-11 16:41:20
1217,12017,-37.78,-6.95,-30.83,2011-03-11 16:41:25
1218,12018,-38.55,-6.93,-31.62,2011-03-11 16:41:30
1219,12019,-38.86,-6.9,-31.96,2011-03-11 16:41:35
1220,12020,-38.77,-6.88,-31.89,2011-03-11 16:41:40
1221,12021,-38.32,-6.86,-31.46,2011-03-11 16:41:45
1222,12022,-37.56,-6.83,-30.73,2011-03-11 16:41:50
1223,12023,-36.55,-6.81,-29.74,2011-03-11 16:41:55
1224,12024,-35.37,-6.79,-28.58,2011-03-11 16:42:00
1225,12025,-34.09,-6.77,-27.32,2011-03-11 16:42:05
1226,12026,-32.8,-6.74,-26.06,2011-03-11 16:42:10
1227,12027,-31.54,-6.72,-24.82,2011-03-11 16:42:15
1228,12028,-30.37,-6.7,-23.67,2011-03-11 16:42:20
1229,12029,-29.33,-6.67,-22.66,2011-03-11 16:42:25
1230,12030,-28.47,-6.65,-21.82,2011-03-11 16:42:30
1231,12031,-27.8,-6.63,-21.17,2011-03-11 16:42:35
1232,12032,-27.32,-6.6,-20.72,2011-03-11 16:42:40
1233,12033,-27.02,-6.58,-20.44,2011-03-11 16:42:45
1234,12034,-26.9,-6.56,-20.34,2011-03-11 16:42:50
1235,12035,-26.91,-6.53,-20.38,2011-03-11 16:42:55
1236,12036,-27.01,-6.51,-20.5,2011-03-11 16:43:00
1237,12037,-27.15,-6.5,-20.65,2011-03-11 16:43:05
1238,12038,-27.32,-6.47,-20.85,2011-03-11 16:43:10
1239,12039,-27.49,-6.45,-21.04,2011-03-11 16:43:15
1240,12040,-27.64,-6.43,-21.21,2011-03-11 16:43:20
1241,12041,-27.73,-6.4,-21.33,2011-03-11 16:43:25
1242,12042,-27.75,-6.38,-21.37,2011-03-11 16:43:30
1243,12043,-27.71,-6.36,-21.35,2011-03-11 16:43:35
1244,12044,-27.62,-6.34,-21.28,2011-03-11 16:43:40
1245,12045,-27.49,-6.31,-21.18,2011-03-11 16:43:45
1246,12046,-27.34,-6.29,-21.05,2011-03-11 16:43:50
1247,12047,-27.19,-6.27,-20.92,2011-03-11 16:43:55
1248,12048,-27.06,-6.24,-20.82,2011-03-11 16:44:00
1249,12049,-26.94,-6.22,-20.72,2011-03-11 16:44:05
1250,12050,-26.85,-6.2,-20.65,2011-03-11 16:44:10
1251,12051,-26.77,-6.17,-20.6,2011-03-11 16:44:15
1252,12052,-26.71,-6.15,-20.56,2011-03-11 16:44:20
1253,12053,-26.65,-6.13,-20.52,2011-03-11 16:44:25
1254,12054,-26.58,-6.1,-20.48,2011-03-11 16:44:30
1255,12055,-26.5,-6.08,-20.42,2011-03-11 16:44:35
1256,12056,-26.43,-6.06,-20.37,2011-03-11 16:44:40
1257,12057,-26.35,-6.04,-20.31,2011-03-11 16:44:45
1258,12058,-26.23,-6.01,-20.22,2011-03-11 16:44:50
1259,12059,-26.11,-5.99,-20.12,2011-03-11 16:44:55
1260,12060,-26.02,-5.97,-20.05,2011-03-11 16:45:00
1261,12061,-26.0,-5.95,-20.05,2011-03-11 16:45:05
1262,12062,-26.08,-5.93,-20.15,2011-03-11 16:45:10
1263,12063,-26.26,-5.91,-20.35,2011-03-11 16:45:15
1264,12064,-26.56,-5.88,-20.68,2011-03-11 16:45:20
1265,12065,-27.01,-5.86,-21.15,2011-03-11 16:45:25
1266,12066,-27.62,-5.84,-21.78,2011-03-11 16:45:30
1267,12067,-28.38,-5.82,-22.56,2011-03-11 16:45:35
1268,12068,-29.28,-5.79,-23.49,2011-03-11 16:45:40
1269,12069,-30.3,-5.77,-24.53,2011-03-11 16:45:45
1270,12070,-31.42,-5.75,-25.67,2011-03-11 16:45:50
1271,12071,-32.62,-5.72,-26.9,2011-03-11 16:45:55
1272,12072,-33.83,-5.7,-28.13,2011-03-11 16:46:00
1273,12073,-35.06,-5.68,-29.38,2011-03-11 16:46:05
1274,12074,-36.25,-5.65,-30.6,2011-03-11 16:46:10
1275,12075,-37.39,-5.63,-31.76,2011-03-11 16:46:15
1276,12076,-38.45,-5.61,-32.84,2011-03-11 16:46:20
1277,12077,-39.45,-5.59,-33.86,2011-03-11 16:46:25
1278,12078,-40.39,-5.56,-34.83,2011-03-11 16:46:30
1279,12079,-41.28,-5.54,-35.74,2011-03-11 16:46:35
1280,12080,-42.15,-5.52,-36.63,2011-03-11 16:46:40
1281,12081,-43.01,-5.49,-37.52,2011-03-11 16:46:45
1282,12082,-43.91,-5.47,-38.44,2011-03-11 16:46:50
1283,12083,-44.9,-5.45,-39.45,2011-03-11 16:46:55
1284,12084,-46.03,-5.43,-40.6,2011-03-11 16:47:00
1285,12085,-47.33,-5.41,-41.92,2011-03-11 16:47:05
1286,12086,-48.81,-5.39,-43.42,2011-03-11 16:47:10
1287,12087,-50.49,-5.37,-45.12,2011-03-11 16:47:15
1288,12088,-52.39,-5.34,-47.05,2011-03-11 16:47:20
1289,12089,-54.51,-5.32,-49.19,2011-03-11 16:47:25
1290,12090,-56.8,-5.3,-51.5,2011-03-11 16:47:30
1291,12091,-59.22,-5.28,-53.94,2011-03-11 16:47:35
1292,12092,-61.72,-5.25,-56.47,2011-03-11 16:47:40
1293,12093,-64.21,-5.23,-58.98,2011-03-11 16:47:45
1294,12094,-66.61,-5.21,-61.4,2011-03-11 16:47:50
1295,12095,-68.83,-5.19,-63.64,2011-03-11 16:47:55
1296,12096,-70.76,-5.16,-65.6,2011-03-11 16:48:00
1297,12097,-72.33,-5.14,-67.19,2011-03-11 16:48:05
1298,12098,-73.43,-5.12,-68.31,2011-03-11 16:48:10
1299,12099,-73.98,-5.09,-68.89,2011-03-11 16:48:15
1300,12100,-74.0,-5.07,-68.93,2011-03-11 16:48:20
1301,12101,-73.46,-5.05,-68.41,2011-03-11 16:48:25
1302,12102,-72.37,-5.03,-67.34,2011-03-11 16:48:30
1303,12103,-70.79,-5.0,-65.79,2011-03-11 16:48:35
1304,12104,-68.82,-4.98,-63.84,2011-03-11 16:48:40
1305,12105,-66.59,-4.96,-61.63,2011-03-11 16:48:45
1306,12106,-64.26,-4.94,-59.32,2011-03-11 16:48:50
1307,12107,-61.94,-4.91,-57.03,2011-03-11 16:48:55
1308,12108,-59.83,-4.89,-54.94,2011-03-11 16:49:00
1309,12109,-58.05,-4.88,-53.17,2011-03-11 16:49:05
1310,12110,-56.72,-4.85,-51.87,2011-03-11 16:49:10
1311,12111,-55.93,-4.83,-51.1,2011-03-11 16:49:15
1312,12112,-55.74,-4.81,-50.93,2011-03-11 16:49:20
1313,12113,-56.12,-4.79,-51.33,2011-03-11 16:49:25
1314,12114,-57.07,-4.76,-52.31,2011-03-11 16:49:30
1315,12115,-58.51,-4.74,-53.77,2011-03-11 16:49:35
1316,12116,-60.37,-4.72,-55.65,2011-03-11 16:49:40
1317,12117,-62.54,-4.7,-57.84,2011-03-11 16:49:45
1318,12118,-64.92,-4.67,-60.25,2011-03-11 16:49:50
1319,12119,-67.41,-4.65,-62.76,2011-03-11 16:49:55
1320,12120,-69.92,-4.63,-65.29,2011-03-11 16:50:00
1321,12121,-72.4,-4.61,-67.79,2011-03-11 16:50:05
1322,12122,-74.79,-4.58,-70.21,2011-03-11 16:50:10
1323,12123,-77.09,-4.56,-72.53,2011-03-11 16:50:15
1324,12124,-79.32,-4.54,-74.78,2011-03-11 16:50:20
1325,12125,-81.44,-4.52,-76.92,2011-03-11 16:50:25
1326,12126,-83.49,-4.49,-79.0,2011-03-11 16:50:30
1327,12127,-85.5,-4.47,-81.03,2011-03-11 16:50:35
1328,12128,-87.48,-4.45,-83.03,2011-03-11 16:50:40
1329,12129,-89.45,-4.43,-85.02,2011-03-11 16:50:45
1330,12130,-91.41,-4.4,-87.01,2011-03-11 16:50:50
1331,12131,-93.36,-4.38,-88.98,2011-03-11 16:50:55
1332,12132,-95.28,-4.36,-90.92,2011-03-11 16:51:00
1333,12133,-97.16,-4.35,-92.81,2011-03-11 16:51:05
1334,12134,-98.97,-4.32,-94.65,2011-03-11 16:51:10
1335,12135,-100.67,-4.3,-96.37,2011-03-11 16:51:15
1336,12136,-102.24,-4.28,-97.96,2011-03-11 16:51:20
1337,12137,-103.63,-4.26,-99.37,2011-03-11 16:51:25
1338,12138,-104.83,-4.23,-100.6,2011-03-11 16:51:30
1339,12139,-105.81,-4.21,-101.6,2011-03-11 16:51:35
1340,12140,-106.57,-4.19,-102.38,2011-03-11 16:51:40
1341,12141,-107.09,-4.17,-102.92,2011-03-11 16:51:45
1342,12142,-107.4,-4.14,-103.26,2011-03-11 16:51:50
1343,12143,-107.52,-4.12,-103.4,2011-03-11 16:51:55
1344,12144,-107.49,-4.1,-103.39,2011-03-11 16:52:00
1345,12145,-107.38,-4.08,-103.3,2011-03-11 16:52:05
1346,12146,-107.25,-4.05,-103.2,2011-03-11 16:52:10
1347,12147,-107.18,-4.03,-103.15,2011-03-11 16:52:15
1348,12148,-107.23,-4.01,-103.22,2011-03-11 16:52:20
1349,12149,-107.5,-3.99,-103.51,2011-03-11 16:52:25
1350,12150,-108.05,-3.96,-104.09,2011-03-11 16:52:30
1351,12151,-108.92,-3.94,-104.98,2011-03-11 16:52:35
1352,12152,-110.11,-3.92,-106.19,2011-03-11 16:52:40
1353,12153,-111.64,-3.9,-107.74,2011-03-11 16:52:45
1354,12154,-113.48,-3.87,-109.61,2011-03-11 16:52:50
1355,12155,-115.58,-3.85,-111.73,2011-03-11 16:52:55
1356,12156,-117.89,-3.84,-114.05,2011-03-11 16:53:00
1357,12157,-120.31,-3.82,-116.49,2011-03-11 16:53:05
1358,12158,-122.77,-3.8,-118.97,2011-03-11 16:53:10
1359,12159,-125.16,-3.77,-121.39,2011-03-11 16:53:15
1360,12160,-127.42,-3.75,-123.67,2011-03-11 16:53:20
1361,12161,-129.46,-3.73,-125.73,2011-03-11 16:53:25
1362,12162,-131.23,-3.71,-127.52,2011-03-11 16:53:30
1363,12163,-132.7,-3.68,-129.02,2011-03-11 16:53:35
1364,12164,-133.84,-3.66,-130.18,2011-03-11 16:53:40
1365,12165,-134.68,-3.64,-131.04,2011-03-11 16:53:45
1366,12166,-135.25,-3.62,-131.63,2011-03-11 16:53:50
1367,12167,-135.56,-3.6,-131.96,2011-03-11 16:53:55
1368,12168,-135.68,-3.57,-132.11,2011-03-11 16:54:00
1369,12169,-135.67,-3.55,-132.12,2011-03-11 16:54:05
1370,12170,-135.58,-3.53,-132.05,2011-03-11 16:54:10
1371,12171,-135.49,-3.51,-131.98,2011-03-11 16:54:15
1372,12172,-135.46,-3.48,-131.98,2011-03-11 16:54:20
1373,12173,-135.56,-3.46,-132.1,2011-03-11 16:54:25
1374,12174,-135.8,-3.44,-132.36,2011-03-11 16:54:30
1375,12175,-136.22,-3.42,-132.8,2011-03-11 16:54:35
1376,12176,-136.83,-3.4,-133.43,2011-03-11 16:54:40
1377,12177,-137.63,-3.37,-134.26,2011-03-11 16:54:45
1378,12178,-138.62,-3.35,-135.27,2011-03-11 16:54:50
1379,12179,-139.8,-3.33,-136.47,2011-03-11 16:54:55
1380,12180,-141.13,-3.31,-137.82,2011-03-11 16:55:00
1381,12181,-142.6,-3.29,-139.31,2011-03-11 16:55:05
1382,12182,-144.18,-3.27,-140.91,2011-03-11 16:55:10
1383,12183,-145.83,-3.25,-142.58,2011-03-11 16:55:15
1384,12184,-147.55,-3.23,-144.32,2011-03-11 16:55:20
1385,12185,-149.31,-3.21,-146.1,2011-03-11 16:55:25
1386,12186,-151.09,-3.18,-147.91,2011-03-11 16:55:30
1387,12187,-152.86,-3.16,-149.7,2011-03-11 16:55:35
1388,12188,-154.6,-3.14,-151.46,2011-03-11 16:55:40
1389,12189,-156.28,-3.12,-153.16,2011-03-11 16:55:45
1390,12190,-157.87,-3.1,-154.77,2011-03-11 16:55:50
1391,12191,-159.32,-3.07,-156.25,2011-03-11 16:55:55
1392,12192,-160.61,-3.05,-157.56,2011-03-11 16:56:00
1393,12193,-161.72,-3.03,-158.69,2011-03-11 16:56:05
1394,12194,-162.61,-3.01,-159.6,2011-03-11 16:56:10
1395,12195,-163.28,-2.99,-160.29,2011-03-11 16:56:15
1396,12196,-163.7,-2.96,-160.74,2011-03-11 16:56:20
1397,12197,-163.9,-2.94,-160.96,2011-03-11 16:56:25
1398,12198,-163.9,-2.92,-160.98,2011-03-11 16:56:30
1399,12199,-163.75,-2.9,-160.85,2011-03-11 16:56:35
1400,12200,-163.49,-2.88,-160.61,2011-03-11 16:56:40
1401,12201,-163.19,-2.85,-160.34,2011-03-11 16:56:45
1402,12202,-162.94,-2.83,-160.11,2011-03-11 16:56:50
1403,12203,-162.76,-2.81,-159.95,2011-03-11 16:56:55
1404,12204,-162.72,-2.79,-159.93,2011-03-11 16:57:00
1405,12205,-162.84,-2.78,-160.06,2011-03-11 16:57:05
1406,12206,-163.2,-2.75,-160.45,2011-03-11 16:57:10
1407,12207,-163.81,-2.73,-161.08,2011-03-11 16:57:15
1408,12208,-164.7,-2.71,-161.99,2011-03-11 16:57:20
1409,12209,-165.82,-2.69,-163.13,2011-03-11 16:57:25
1410,12210,-167.18,-2.67,-164.51,2011-03-11 16:57:30
1411,12211,-168.74,-2.65,-166.09,2011-03-11 16:57:35
1412,12212,-170.5,-2.62,-167.88,2011-03-11 16:57:40
1413,12213,-172.43,-2.6,-169.83,2011-03-11 16:57:45
1414,12214,-174.47,-2.58,-171.89,2011-03-11 16:57:50
1415,12215,-176.58,-2.56,-174.02,2011-03-11 16:57:55
1416,12216,-178.76,-2.54,-176.22,2011-03-11 16:58:00
1417,12217,-180.95,-2.51,-178.44,2011-03-11 16:58:05
1418,12218,-183.11,-2.49,-180.62,2011-03-11 16:58:10
1419,12219,-185.2,-2.47,-182.73,2011-03-11 16:58:15
1420,12220,-187.18,-2.45,-184.73,2011-03-11 16:58:20
1421,12221,-189.03,-2.43,-186.6,2011-03-11 16:58:25
1422,12222,-190.69,-2.41,-188.28,2011-03-11 16:58:30
1423,12223,-192.13,-2.38,-189.75,2011-03-11 16:58:35
1424,12224,-193.33,-2.36,-190.97,2011-03-11 16:58:40
1425,12225,-194.25,-2.34,-191.91,2011-03-11 16:58:45
1426,12226,-194.85,-2.32,-192.53,2011-03-11 16:58:50
1427,12227,-195.12,-2.3,-192.82,2011-03-11 16:58:55
1428,12228,-195.05,-2.27,-192.78,2011-03-11 16:59:00
1429,12229,-194.69,-2.26,-192.43,2011-03-11 16:59:05
1430,12230,-194.05,-2.24,-191.81,2011-03-11 16:59:10
1431,12231,-193.13,-2.22,-190.91,2011-03-11 16:59:15
1432,12232,-191.98,-2.2,-189.78,2011-03-11 16:59:20
1433,12233,-190.64,-2.18,-188.46,2011-03-11 16:59:25
1434,12234,-189.23,-2.15,-187.08,2011-03-11 16:59:30
1435,12235,-187.81,-2.13,-185.68,2011-03-11 16:59:35
1436,12236,-186.45,-2.11,-184.34,2011-03-11 16:59:40
1437,12237,-185.2,-2.09,-183.11,2011-03-11 16:59:45
1438,12238,-184.12,-2.07,-182.05,2011-03-11 16:59:50
1439,12239,-183.3,-2.05,-181.25,2011-03-11 16:59:55
